lead_id,score
lead_97e409eb8f8c8246,0.008577853354978968
lead_55310edb4489f9e9,0.135585496739364
lead_e7f653a2c6a7eee8,0.6279309972059399
lead_22f8e1cfc487ac20,0.06293305056553601
lead_48b638b839abfac3,0.08355507389100525
lead_bf0b08db8abc5aa5,0.2367397702355207
lead_a576da4143978645,0.10814937038712501
lead_b8088850f04f3c69,0.049051832047922975
lead_5c4a70a402d17d14,0.037764772137081085
lead_364d2ff08df16ea6,0.2192998131407952
lead_3fd0d5c474379dcc,0.2116461618222234
lead_97d4e8228242557a,0.032974700598770376
lead_72c50355f524eeb1,0.08827983912050667
lead_06ba5fc24ef9f0ab,0.02988584859861097
lead_cd2af1518a843e73,0.1316539334182569
lead_411d412d9527516c,0.13253892471707487
lead_c5c4376207d1078f,0.0017571548770737887
lead_571894a9fd72d42c,0.25286983477790037
lead_12923328f2bcb65f,0.04721108066870317
lead_8af228f72b418594,0.08528612564590272
lead_12158851f0d41486,0.10641539931836544
lead_e4fcd3bc9f5a6b3d,0.9979095408053
lead_f65aa3b93f3fe23e,0.0029522202033490466
lead_7684fb403c4df87b,0.0003727886001747025
lead_5042cc961a50e95c,0.3140694531103286
lead_b2741e36d6fd87f1,0.061230632354506494
lead_a9295d0e77affb47,0.24190910842038563
lead_b201c9f57ed1116b,0.007312130191913051
lead_b6afca015660ece5,0.10910414002276968
lead_a5a2dfbf694735c9,0.16491964612933913
lead_8de0720c2859499e,0.9850855061107734
lead_93b8e1a595050276,0.14453801063573885
lead_51a532ac045c26d1,0.00721735005846413
lead_5b175113447d7ebe,0.03509115633771169
lead_251a94e1e2d1ba7a,0.210725972401353
lead_b15a052e79bf8b6b,0.16758154008409987
lead_e6cf15883649b698,0.36359265490740617
lead_e18ca82aa2e5363a,0.14834181701382254
lead_be8fb1b63d620d25,0.40055097178115084
lead_b602ac62427ca77c,0.12418481332256667
lead_8a22f99d25efe060,0.9815059619322066
lead_e050dad791e23d00,0.0025180255752437312
lead_1078f5d8bf046891,0.037909292831532514
lead_8fb9e512dea90faa,0.998537858943574
lead_017d01772e2dc0f5,0.16073295761157286
lead_753cab1f6fc5611f,0.13746923247464143
lead_34a44d33c95e294c,0.012718425935900732
lead_d4689da98b7a8353,0.04620798596221222
lead_84f849d36e16b0f5,0.3163808298693023
lead_d3a177f1213f249e,0.053606124990062086
lead_44a54285a6dd127f,0.043639073216875816
lead_10e62c75970c97c6,0.2572013489758451
lead_3bac238530c549cd,0.9937467637423899
lead_9aaa08a5c885e9a7,0.030463094236368532
lead_a03e7a24b09dee45,0.09377343901939376
lead_5fca87beaafd7355,0.209778447622376
lead_5136d9dacb26f851,0.002625205128151879
lead_cfe1079b24794144,0.1021765379325215
lead_c1c6514362182cfe,0.0684807071070828
lead_2452b217a60884a3,0.5211342382292915
lead_9c7b11946b2bc457,0.08112733976940223
lead_91580c98b8197363,0.34298886055292305
lead_1879855b149b2f98,0.20525575354811876
lead_d7f593ab1da462f8,0.21398143486816473
lead_ea2ac121e798f1de,0.09613632324617004
lead_99013a7603ebb740,0.8719378807068248
lead_0a2f94df30ce79f6,0.06852578513244939
lead_46ca59e3a20e34c8,0.6449105318905869
lead_3dfd710f436db0a2,0.077515054720312
lead_9783bc8372a83890,0.43578325042229493
lead_162c10890eb6ac25,0.09022117091969507
lead_3f8d8be5b6893218,0.13504402622338166
lead_69be721404235fa4,0.6158344649358127
lead_02eed01c4b4bff0f,0.1578417240079728
lead_a84a71d0e12c9c1b,0.03590068528090752
lead_8f5946f089ce8749,0.035891691945152605
lead_5f53d9d4e2b3537e,0.3669031255035841
lead_d7284d096760d30a,0.3457549604837799
lead_165aecd1a15209f2,0.15361735807269955
lead_83f243e7df679951,0.6474842921818923
lead_0621e3676c9a60b6,0.013733174593054063
lead_9eac04ecbf03830c,0.16212057074911645
lead_07136daab43acdcf,0.1328475945854121
lead_2eaba4ceab798305,0.04485225658680949
lead_c981196337dcab0b,0.0006572623778306524
lead_0e666a1d8b270e33,0.11190811718431101
lead_995272c72711fc1f,0.18583886161854282
lead_a18219ca6104a248,0.14953951673853044
lead_e6a9082a41d4e78c,0.004368252416796626
lead_0ec44701b359d5ea,0.05747078800496225
lead_0f308f2904ffeaef,0.17829883538643282
lead_feff3870d7adf204,0.09211174095680759
lead_b39dc0a22e85e61a,0.2521774062957394
lead_58cbe9ea6fc0a7a1,0.099721663893376
lead_1d0702b3da2f17b8,0.31641332526394245
lead_a452c70bd56263e3,0.10930452553884465
lead_37d6d0fc4d3b875e,0.3587583877694781
lead_19e84d7b431c5e4c,0.1818444191958717
lead_1f29d36893ffa61b,0.10305448520529954
lead_04f7d7b5a975c4d9,0.13394419099230295
lead_166785ba54d64cb4,0.20385173393755543
lead_5e8eedc4e66258f6,0.002995933496452833
lead_e1e84a1da606a78b,0.016683000232432355
lead_d91877302b1135ee,0.2848727215033972
lead_79fb2102e0d95910,0.17682234094555674
lead_c882a2b5971c1663,0.28463258550073933
lead_7d98aae6b270d158,0.06966860053902449
lead_ebf7228dce66d8c9,0.42338634797446995
lead_06caa5ca821b7f7b,0.13968282684562572
lead_ed17d3b95f5a4b6d,0.049443087746569074
lead_5f92d725c522043d,0.011419212734001049
lead_5f04f4ca8d272dd0,0.45061551880077827
lead_c37afa0f42b22f4a,0.05298921335050202
lead_ec2a05d1b66d2026,0.113497741524617
lead_6e940e4571a565d7,0.6152573752192162
lead_91bd14c53557404b,0.6835243812836592
lead_da62cdf5b4693399,0.48127875004129494
lead_c80ef65f03ebfb9a,0.10458271385799557
lead_0751fd7eb954d785,0.009061950702274415
lead_9a7e6469541161c5,0.11662016437484052
lead_77ab0c2cde197d8d,0.0828975352684649
lead_ff05d921bd5c6cb7,0.3206584365151361
lead_d32e65d8f42ee2c6,0.1582768578943951
lead_17c0503909cce3ee,0.052485474390574056
lead_0468c246acd30d0c,0.3489134279446971
lead_e8dcdad33ee50fd4,0.159847888014208
lead_f955f9b33b8ebc55,0.0008897954528866157
lead_a1786166920034d8,0.24412996335816575
lead_a9f039f0fc527fcf,0.128788113035462
lead_778f74dd69ec86d0,0.5645334417922792
lead_b006270eb9b0cb5b,0.6202002466030277
lead_b92133abfc0cf3d9,0.5826525838041247
lead_c8c941a617c1427f,0.09914758809052505
lead_600d853f16b8fcab,0.01579867079948204
lead_0b055deb05f97cee,0.9078589043465436
lead_2474e2be84ebbdb2,0.2695168981054861
lead_55d682e0cbef4c7c,0.11309835488033343
lead_9164b9c9ad3a19fe,0.09345990495256602
lead_c1405b3c8be7f809,0.10415715441885726
lead_9d404cc25ddf73f1,0.9575936428701782
lead_b045b9c9acc0d27b,0.2900340606974202
lead_da1b519d5254b0ea,0.08681407010031243
lead_69e35cc07aa4c1e0,0.05410863727238282
lead_239d1302dbf46e98,0.039855717412666344
lead_a90695402b06e81d,0.08287654045522408
lead_a1ea3420f770d17c,0.19834966692443495
lead_51ccc37ec189a1c9,0.13466912298265227
lead_de20622247e5ac6c,0.11112826540951468
lead_8ce07e8e88a1a9fb,0.8458960978192502
lead_888e8c5c51f41c54,0.09430703536449085
lead_1d2205afa1acd9de,0.0859924464273456
lead_3bc7917039731026,0.004570880444730351
lead_a763af4b943affa8,0.10216510070175018
lead_531d427c123212b7,0.20731172221106894
lead_6f5ac124e84e487c,0.5803636738397708
lead_5329920ae6836070,0.2340321907208398
lead_3512d645d14afe7c,0.05039729215055203
lead_9bb5f9ec3f3ac6de,0.007137233183293142
lead_c75c5683ce43edf9,0.053082292526555185
lead_83f427da3c378400,0.12040114430632748
lead_f92fb0b35d4c14ae,0.19516314171696456
lead_4cdb19cfe203dc54,0.4997733313585054
lead_e93eba838af3c7e0,0.2568479133132607
lead_bfd467881f64aa10,0.1858801510689952
lead_4a84f91cf15e4b69,0.12143961930289952
lead_6ca2a140f447299f,0.19374851057687295
lead_3c4f82e71c4c785e,0.060062628477553615
lead_79f65b98ac96eb9d,0.07033900290059385
lead_6408ced770af72ee,0.984477892660862
lead_1989d0a6ce0b5087,0.1381281995924903
lead_5b1f00c2d81f150f,0.3221407475313302
lead_ff33058bfc4f6853,0.06042761615132108
lead_f47d1c498c8c1b56,0.14328477183748886
lead_7147feee40bcaecd,0.06667760864169879
lead_1de58db41b7fc89b,0.013573152590007536
lead_4116b9f308d0398f,0.1034189121028791
lead_36d559eebdd33d0f,0.6226742525867328
lead_a3dfe13f7407731f,0.34590191852575897
lead_04610f8907482223,0.11342451274639782
lead_2fbf2ae829b0d13f,0.016875404222877113
lead_4a22f350963fabab,0.08691002308302546
lead_fc13ef807e22ce3c,0.00715262626128449
lead_bb2ddeca4bb1dd22,0.11128677123720965
lead_13e7d1ed1dc7a07f,0.04280370216700773
lead_e0ea5db30c88eeb9,0.1736768469916827
lead_96ea33b65feef509,0.04206155258843645
lead_857767f5d1fc8339,0.8212070952369206
lead_574f5428edfe20d2,0.2526191156275122
lead_3c0bb6e0166213ac,0.097881012200697
lead_629163dbaa722c3f,0.18021032863630337
lead_9728f3b8dc9fa237,0.11043787011601983
lead_f0ce650950fd8927,0.1936468993257131
lead_77145e644f05a623,0.22943056151631688
lead_70665ccfa78be7fc,0.11975597948310776
lead_221131a36229865d,0.16875461120373206
lead_5dd823fa354a1d86,0.9931179797255223
lead_28351c68a6da624e,0.09831008391398505
lead_bfba5974416d7651,0.3523999161865341
lead_825a40374f013769,0.16056802997320663
lead_989a25f91b7f1477,0.46615898963340474
lead_3e9dceb76b6c3fc3,0.17519105440079905
lead_fcae1b66a6ffdeb0,0.07649131358954607
lead_62a9e7f8ffc7ca53,0.07051799645817698
lead_bebce632e005efdb,0.1881244481058743
lead_6df10945d788a463,0.01660191786109527
lead_9b9a413752ea69f1,0.5353697399007257
lead_3699cdd94b894303,0.09342808362960663
lead_64d4c805f3cf6edd,0.011321399690635645
lead_71a2cb0fd04c3013,0.26130679178983524
lead_0c1552c34ba227e5,0.19701666476846255
lead_cb598e9698344593,0.10876269096861362
lead_75a8bfd0acb181b1,0.2731082699366694
lead_20e6892ff5695d49,0.012769679975280761
lead_16ed7e4d2dc413f4,0.030799659193523548
lead_164027450a906a4d,0.0009660212171434196
lead_ef30b747a184f8a0,0.1842329064497195
lead_8c594277a6db31ad,0.0039420525028389854
lead_7e2f1b6bab41f7e3,0.0832513022066561
lead_cf240e8531f7c59d,0.2532557335463951
lead_b3ffcaec2b4ee57f,0.22419345635639282
lead_3142f6d05236206a,0.05671263405985336
lead_ead8f43926da8cc0,0.05329078408658899
lead_9419721b9ed3389c,0.5595531260421512
lead_229b8e1c850c1493,0.9790679797418945
lead_3b681784bdffb592,0.2868728889006584
lead_0f47dec190644730,0.29273257638022404
lead_8a45e78cafe3b21b,0.2026196627495336
lead_99f5821ee2ae4ebb,0.012399866948476465
lead_d25602d5fcad854a,0.05835712753172081
lead_40a49df2b189070b,0.046987923948155146
lead_497e817f6351d9fd,0.15775396597703265
lead_db38dc6956e2e900,0.057630053907726575
lead_5a4d6202671071fd,0.028256369990739143
lead_c42be2aee4a3c58d,0.27259938389073557
lead_d41e210c061e7d5e,0.00010533200896116283
lead_cd2fb22539830670,0.04912443304332972
lead_b6365e9efbefe152,0.3157617506902947
lead_cac5924817046ac4,0.04964094388210128
lead_9be4bcd9a0678715,0.1305383833257403
lead_2c926de0443e11c6,0.45009919657104225
lead_cadcadeccd855d5e,0.11874793715291564
lead_53b9df5b9a018fd5,0.5300384313872711
lead_d745db605d50bcf8,0.07127617602333806
lead_df231936d1dcdf02,0.4842165477951913
lead_9e00bdb3be4c76d1,0.2663472319010016
lead_e5eae4eb040ab4c9,0.6351367858013778
lead_9f68c3beb3bbe539,0.9361467004246751
lead_86cbbfb8bb58cb90,0.2815331882117982
lead_eb57c2f717ca5e69,0.11889799723031427
lead_9a52f28852a73ba9,0.21063671933978437
lead_8999b993532a66f7,0.13700858408568117
lead_87d696dd55d2c1e4,0.5657520448833107
lead_1a4cb67cf2fc3934,0.08144401125633814
lead_49efcc6509c84faa,0.18262376320689094
lead_3a7342dc7bcd0551,0.121828883178802
lead_4f729897315d9fbd,0.06528072417956438
lead_1eb5a90c6bb22856,0.7090143249651395
lead_769ec890ddd49e31,0.1105584133512077
lead_53ac212ff8e8cfab,0.12924652376371987
lead_a2ef16effa8a4023,0.08172069861589389
lead_187d9bf7d083be49,0.020146236249659017
lead_ee9cbe0c253c5d75,0.9964160501250446
lead_052f88f7390f5e4e,0.0165758389773552
lead_20c3f35f8e994aa6,0.2070619071264431
lead_a755bf7ba2948d3c,0.14011468260959853
lead_8cb4fa8eb3d0cb6b,0.08398047461874761
lead_fa66320103470933,0.3166652439744455
lead_8c13039f27df8948,0.09438032812973829
lead_aaa62c02c09056f5,0.042227855776371136
lead_ab485b28fdfb50b0,0.344144089012917
lead_1e388a6a63f7a81f,0.22757120992710206
lead_7a41f6e333f7a896,0.07253766697903818
lead_e4dac2f8533f5501,0.09799027403678007
lead_4bd436e897fbbddd,0.10768707246393916
lead_b1e959be812f0c4e,0.09780947996900918
lead_c05751a22707c96e,0.5363770353393771
lead_3314bac177200ed7,0.05403387829515396
lead_02036b3deaeefcea,0.10173003475114965
lead_79cd4ae97ee42c6a,0.2579977788565653
lead_7d862af7760f1481,0.08908754230140134
lead_93d986f1762cc15e,0.9984850093878971
lead_9079fdc28210a92d,0.10300204258358209
lead_5a27339c2c7b2715,0.07152962367834738
lead_2d59ebf517e5dd58,0.012507558160859415
lead_1c709c397c8ab781,0.08264459193303178
lead_7c97da1cb908eb78,0.07369199172821231
lead_85bfb8ec78d82b13,0.19680321157544675
lead_d80ce8cd30d3db85,0.1048506845526115
lead_76ca4b556c75bcab,0.07988784773423199
lead_6f0916d4b62595e8,0.9942676962445895
lead_ab5c7d1331c626a0,0.035391457949802
lead_21b2925885ef44ea,0.27429731471539437
lead_249e020899f95592,0.08658476918022916
lead_e190f5b4d496ec14,0.09515643724928681
lead_c7e9e9467e059730,0.06429842721273506
lead_618d1720f1e21fb3,0.4966093680867643
lead_873115076b02ee78,0.9931924088547595
lead_94978c726e4edb71,0.20832358535858067
lead_62009ac584ca516c,0.04011306292503575
lead_30187169321127b2,0.04933913931096857
lead_ff68dab58b2bf1f4,0.45300744644398205
lead_8970b00b77b9be8d,0.1219748765919803
lead_4302f20f739bc182,0.002124544824952677
lead_2babd8783e498a3a,0.02496959641731319
lead_ae0d437b8d55e138,0.12204640487419625
lead_f9b5dd02313c6fb6,0.06610703133802234
lead_cf0e804c4e7896aa,0.0703738525268753
lead_0bf23e9871ed2f91,0.1278217717132949
lead_dc304b85b2ec56ed,0.04905088494013707
lead_21dc33cc191835d2,0.16500066136462252
lead_f8830d28325ba1f6,0.02349292301982752
lead_249f0e3833b5de59,0.06982163341649879
lead_0e2f4066080e4cdc,0.08468188011045065
lead_425e5bca3b61478b,0.07227731419057827
lead_cc387440be6d812d,0.08540431638734744
lead_7ec094fc07ee37e9,0.3158544400336887
lead_d655c31dce72060f,0.9096538847454555
lead_1641f70d3e1ec75d,0.1260406563247755
lead_3053647fad43fba5,0.0036008817523002145
lead_973ae7d4d5b6e2c9,0.059124997552122235
lead_c2ad73696ffc7207,0.1346682936215258
lead_67961006ea62c0f3,0.05968011018696467
lead_6b9087636f452d1a,0.4720408248510559
lead_43e040e61b4ea6d4,0.3964847424885453
lead_fb3b495af160c928,0.33259078168239625
lead_1aee5ad1e6dc3a2b,0.16235711443144893
lead_c45fa0200a9f6bd1,0.15033654148613554
lead_ffcf6b2a0d33ac93,0.12268344266260041
lead_b41e5def5df282ed,0.04083704377612125
lead_7bfe06a0e82a2225,0.00943772061169096
lead_9dcfeff24e745401,0.6734167987297999
lead_5286d6c3695b10cb,0.2419628515408592
lead_04197d64e3706ec8,0.2277483262296744
lead_423d417c35d599c2,0.05921088083493464
lead_0e4d3863e0544f52,0.010616195866798748
lead_fcc4f0ccc5e76061,0.11219571932953842
lead_a29f1c8198eb7c65,0.4980570764268379
lead_fa0f424064c1025b,0.20551992182485215
lead_b13c16b7faea3995,0.14585446140088287
lead_c2f74c9d96a26d53,0.015362857781743088
lead_19411bd8adf6159f,0.1142759076044338
lead_763a768c4795b636,0.06834375414020544
lead_78610929ccbc6741,0.4435346722818292
lead_f701d538dbcb72ca,0.10162488454697871
lead_c6b01d44dd2eb805,0.06550983988845427
lead_920cf673971bfe6c,0.08336284428275802
lead_aa6147fbc477d706,0.19783044943432151
lead_6d097c1411f937a1,0.011698154533210074
lead_a6e395516f60ebb9,0.1759153786795219
lead_22efba19947c53ff,0.08452571607441282
lead_7b839553d778b58f,0.012931204988832105
lead_70261b25aa7c6728,0.9912002871297739
lead_f1b9bb7d514a958e,0.0013598618078268679
lead_b757c64f07d0ec36,0.666950964381871
lead_9b0327863bde3376,0.3461770711261449
lead_5b1e0f78f55668ed,0.07822933094417991
lead_07f93039867b5b31,0.7330944164496142
lead_e3ece56b37a17fe9,0.319558635173734
lead_843a67fde60ca6ab,0.12271048729135012
lead_0a0d4e0e0dfa888c,0.022715224491193
lead_afa70c3ac51a7f87,0.06541234062708605
lead_e72a67c074237a46,0.4214303807808252
lead_3feb3913729daeff,0.35750229419809176
lead_cade803b338e9562,0.3078214001946672
lead_194acb00b997976a,0.26875953777503686
lead_44f9ecd19361f5b6,0.15781520422841486
lead_8feb26d379771748,0.08676697944728583
lead_46148ea5fb40cc94,0.21095437151672325
lead_5055454cfd5c15f0,0.9946538631342803
lead_206bb21603282306,0.38086467843099836
lead_324259d46a7e5a2f,0.18468121280468203
lead_610595a0db37ce69,0.14249598770653651
lead_a30e74d32de8e9fc,0.24630691156248505
lead_5a3f2e8bfcc28ea3,0.9938245918375546
lead_496ce87f80fc838f,0.11635428266440151
lead_10d71ba3106d2945,0.014214687590164003
lead_86c2ef9a619020a1,0.39959639673578506
lead_53f669fd0080cf63,0.07182206894387215
lead_6040412bd2a1f357,0.09852211070359343
lead_eace70e06ebc0549,0.01438853599372277
lead_218af9a258dcb20f,0.19735421133686903
lead_33d1e1267a049a6b,0.06341832998188374
lead_2ce6119d7c41f300,0.15171229127487892
lead_924edd2e50b91038,0.001842982693602691
lead_4ed9840ae42c5f5a,0.09259061355201495
lead_a0bd434a8c1abff8,0.03910796500676212
lead_66d383cd598d513d,0.2284634954252504
lead_2dd322e343836aed,0.1035881951274818
lead_da7e3e1ea4909769,0.006042219282045893
lead_f3cf0c4955e90081,0.04097080677938106
lead_c62e02c76058703c,0.12260050219425779
lead_d19a180facd79a69,0.15513838588135853
lead_a88b69dcadb33a08,0.31341217925969866
lead_35a84ec5e7ab309f,0.5349085360269339
lead_f980f8bcc6b68bdd,0.09479191203151145
lead_91ce78efd4182266,0.995805184567271
lead_16ad0517831453f8,0.2059132541572978
lead_94a11cd3dfa7d7e7,0.013797577438827556
lead_162c8860094611d5,0.17843295239351833
lead_ddd740e5b10db96b,0.0444151894056228
lead_95c692769438442a,0.08594340333309551
lead_5e6b9ea1b53ae908,0.018765671418506064
lead_e64af4566dacef17,0.36650624043672136
lead_b0ad3f52e1c8d73d,0.11077922736883804
lead_fd7dadee433266de,0.12607931192934035
lead_c8c4150746d46dfd,0.15216356066911071
lead_7d28a5d7bf491d51,0.15835849728271995
lead_fef59b2580900ea3,0.12072391836370366
lead_dc00a4cdb0542360,0.6168382737466411
lead_e5bea77955171e71,0.08707077609324046
lead_b9ae1a561dd8be9f,0.1595806027682252
lead_d3d68be6306a6838,0.14725547019854515
lead_02d659513b3c5fc6,0.09866787495765483
lead_ae8f140355910d73,0.003944196206268522
lead_c92681e27ce6489a,0.5717202371519943
lead_40d2e521d315e282,0.0005322856180144146
lead_8f5d90e6368c9854,0.9675757555960377
lead_381490c28f3fb923,0.13358359420880653
lead_2f910765c6baa017,0.18554622476075144
lead_a517ce93daf4769f,0.19065848049147244
lead_dc8dae90428b9864,0.042733063121093914
lead_2455f4ac600d4747,0.1170553490958191
lead_512478016a065ff8,0.019690756847510055
lead_232d5f1c06bd8fc7,0.33259398683766184
lead_6fcda3860933cb85,0.1977808382204207
lead_d182f5dd290c0c1d,0.4067970148665662
lead_09f6e001e31b9a0d,0.09100321187200866
lead_d2073aa4f7b6149a,0.02991481163734053
lead_a9e29fcab099a18f,0.19651462335463177
lead_8edbe66876fef0fe,0.0355398240137555
lead_371f6ccb49559d4c,0.16246067527684005
lead_34477dab6e4586ed,0.06738693208206162
lead_83583156ab71030b,0.00026449957933783407
lead_daf9fbf74e823855,0.27147529675110355
lead_0ebde2daefd2f644,0.3351750139258848
lead_e035177fcc982c20,0.04701647379216791
lead_d04ae3bea6f42a4e,0.0037437286129333417
lead_9b2f877c683ace1b,0.2558262088946114
lead_3812ba3a86e18b57,0.10853319061440218
lead_573930a9572fd6fb,0.08295457869329166
lead_8d3bc44888fd59cf,0.9963759686423252
lead_b01bbddeed32a111,0.09847326565858351
lead_e6c3c8dc08269247,0.04005042161950085
lead_de00ca16885dcb99,0.013576626807002876
lead_4ad112f14c21aabe,0.16177935905584861
lead_7c9acce1fe00e793,0.1382168089253986
lead_5fb631302d0a5a86,0.10005024474615631
lead_6b7c1ad2f25f5717,0.7157765358581654
lead_f2e070c3f500bdc3,0.09188875667440041
lead_70ccad40f42172e7,0.23671445028998575
lead_71676682b7fa00c0,0.5210659899442742
lead_a31d7a6a9acfdb37,0.07292411567247013
lead_8b63d44b50875c4c,0.07338140439308158
lead_5dce58ee5c8b0db7,0.16671741839267876
lead_ec3de3e843669dd0,0.37103594054631195
lead_6881973bd2f1ac8c,0.15252837820537699
lead_1fac035c44a5e3a8,0.06350666244193665
lead_222806e52215fd19,0.2525790752442686
lead_ce1bd4e11c147947,0.072051994366854
lead_45c9004c526b68cc,0.07360982374503043
lead_de0e83c99884ac1a,0.23976589076600732
lead_60aa8261797c1915,0.3614810202622195
lead_1d45e068ee911692,0.055044305262939165
lead_737fe9d94edf0985,0.060604455069863054
lead_56cc2b551d9ac835,0.052370459151892375
lead_7a6f02fab1eed988,0.054448725886087686
lead_d889b5043ad568bf,0.14599579554442033
lead_801867574abf6f34,0.06937973676519055
lead_3091310bebf6ea9a,0.9932074504102656
lead_763fa3c67876b35e,0.04225798480732659
lead_381503aa63f68c03,0.9977000185613865
lead_9d98a0669608deef,0.04720992448858533
lead_f4acea9837b60b12,0.10976866840151092
lead_6a349eee629a0b76,0.0017755692943645673
lead_f06a00b02b8ad5f1,0.17638888055045654
lead_9ea85a2b4b61a363,0.07077722422077506
lead_a5a636f0c6eb7580,0.0068625699646766335
lead_6bb2c797448228ba,0.3372496365664402
lead_020d5b3ece396f09,0.06700581427914981
lead_8a005ca72be015d7,0.062123816951763396
lead_850aed4433315f9a,0.1361432966464711
lead_164c1cd63f8849b3,0.15340612417512944
lead_faa8c3cbc67f52a1,0.0005940364186695213
lead_8e434f3c7e4ffd74,0.6695068894995142
lead_a785f57ba004a6a6,0.13825249849360832
lead_25c12994cf114c60,0.07673685090471817
lead_df91377248de21d4,0.20462264240517836
lead_ae3b677f47fcc50f,0.07128213605986605
lead_af143142255b8475,0.5960682611821271
lead_9cf51470a91cac49,0.02814175511470598
lead_0622c52a18d5e6f0,0.012572122096401505
lead_5311120f8689ea59,0.14687554776199
lead_22d32234b29c6edd,0.10901352396946892
lead_b03a6a5906fd7f86,0.08303720680910391
lead_41cd2939696e6f01,0.10147521070134752
lead_6579843f82fce6fd,0.5374644815997033
lead_e66b6101757e96b0,0.2422652604939212
lead_f0f230e55767916a,0.002145863619023016
lead_c050318f6333be5a,0.017635801088742003
lead_7f04497ff9ceba04,0.0052191080171968334
lead_f0b9590cd49dbc55,0.07508003507799152
lead_fc7ba9c35824e102,0.0016195593514947112
lead_a44378b11785472d,0.10702961842872323
lead_2cc67c23071593fc,0.32016824721249154
lead_19810fff0ebc2f5e,0.2266624770368963
lead_1a67919ce4ff46dd,0.2791149350027563
lead_7bb05fb335c4b6ca,0.000910122323986715
lead_161f4d1edf7e207a,0.04690677567104994
lead_f4ab08051690d528,0.041425337556989676
lead_c14597050fca723f,0.09926641007618146
lead_3d7e01e2548e845b,0.1831912952338177
lead_bc6b9af665ca4b06,0.21411248120188783
lead_5420fdf2363fa5a2,0.0291693406398458
lead_23750e1ed80c819a,0.9969183992956815
lead_4a64bad1a2c0261f,0.012056518670866318
lead_ebeddb5a9574378b,0.1767678757535176
lead_506d98f47091bf54,0.20445365500413482
lead_b92fee657244bb66,0.09924926157576058
lead_501b49d3a3f9c301,0.0005692516645747239
lead_aba3f0938966b462,0.9812043300943102
lead_775c0fee4b6cf7d5,0.4136318089371565
lead_b56ddd88314d72fa,0.07871639373189766
lead_8da040d6a1c36c63,0.9779980604169484
lead_f089129760a3c560,0.37761621339086904
lead_3dc9b6bf577bf685,0.068374667911935
lead_78248445f1109d9c,0.9510610764682247
lead_ce7c6b7c20183f4d,0.2874465051789497
lead_40dbb263c8033900,0.5458318885756718
lead_eb73eb7b5025801b,0.01081082047842188
lead_6d9611c079c0473f,0.9926922244335004
lead_5ad2c0fcca551374,0.07505015592520492
lead_4f2642e10389e9ad,0.06831279397371302
lead_def5d97326df5e8b,0.0008078478102901685
lead_810905e26e0caf20,0.15787026651431232
lead_6c89173d3a22c091,0.0933677633059031
lead_ae257ced95648ffd,0.002822497727612607
lead_080e1a945825f2ed,0.06621988628467067
lead_fa8869959940c3e3,0.06699987964485736
lead_c09ef557060a7bb1,0.0011103693040537361
lead_93837a4c1d6f1973,0.005887204968764261
lead_38a055eea21713b8,0.0503353432544433
lead_aa3348b2e4726c1c,0.1766540064184002
lead_61f3775de9e5a459,0.047808066740941554
lead_4311e0aaa8226763,0.0722860754973531
lead_e68bcab50eb56493,0.1616831044699351
lead_e4fc8d2e73f9dc64,0.18016469787873277
lead_5a0cb1c3697d473f,0.07212699980969697
lead_24cabc4725d3b871,0.1359386214921846
lead_1011004d72f10d56,0.042057343407364604
lead_7b88fdaaf5a1c0aa,0.05989975872490631
lead_0c821231151da4ac,0.13694376409065145
lead_6a3efb0fa756438f,0.06936909455850054
lead_6d669cebccd533fa,0.867369506280865
lead_488270d30d2ace67,0.044902827458066764
lead_a8afd82177e7da99,0.08227648099365238
lead_84b9b2aca5ec1f1e,0.9931265223873105
lead_3894ce875fe53662,0.0507526825756378
lead_fc32f2b764d06503,0.14719689420918552
lead_936837939c5a086a,0.07547562370918694
lead_75fbf259fa475c19,0.18209597462090052
lead_d41ab9434f3e7ff5,0.22066602010982186
lead_19144474055aa01d,0.05460539322131443
lead_96902815d3f70348,0.09600452935395987
lead_31df0cf058c2c763,0.07278716696228041
lead_2de23e31243aef62,0.3440398683750739
lead_a5d373db65760e72,0.03361937150285698
lead_c3002527359733f4,0.09519779398823622
lead_1b1ae5b2e013fe5f,0.09621298621677954
lead_d32f268d217af5c5,0.0773609774201831
lead_b6cc65c096d81d75,0.19656042234890658
lead_1858b60925d420aa,0.035662427024113104
lead_709f460be7068a14,0.9810617270771201
lead_71b59bfaf80b1fec,0.09192424237113803
lead_d0bdc19f81f466dd,0.08645931735657825
lead_a22093c1fc3b2168,0.14101038987521985
lead_b50b8cec7de37dd8,0.07324218496970455
lead_d18e7386303e985d,0.1019085557986939
lead_d74bbf820a35b0db,0.019499710360256897
lead_b5b58bd91550305b,0.011157254797766534
lead_610c0762281689c5,0.17607608675111022
lead_b0e433af924191a6,0.8361990434283141
lead_deb67ee3d4d59ccc,0.24214394649161997
lead_24b5b0112be90c74,0.8522110760337381
lead_c05689099d901970,0.09777723678618208
lead_dde5df7bfe6dbb17,0.23580747304384925
lead_77e957e74948dc78,0.13329187212176138
lead_44a1a9d2107f73a6,0.05539537377155206
lead_cfb270d91b4914c3,0.6350729671913095
lead_fe7b3e825c80ff78,0.25694334394217566
lead_4978d395d79ab200,0.14872070881642413
lead_7597438404fa65e5,0.14485144913004847
lead_5a346bcdd85f0ce5,0.15999239125879366
lead_cca854f34277e6cb,0.0004955544367324676
lead_9d51a94e996d128f,0.5254504371564139
lead_852ba1ddab4fb295,0.18150231151090174
lead_fc7b0327a472101b,0.19482332934177368
lead_2ee253873b72ab95,0.0013611359123004158
lead_cdf59f4bd422de69,0.8029007389534119
lead_c1797965742f88cf,0.9994520139442491
lead_748aa576f9909d89,0.023038972715242655
lead_2de3f62ac07c1e35,0.11166214524049724
lead_0e7e6dac088c041b,0.48646189089641206
lead_d856443fbfa994c8,0.06063621997882151
lead_7b3b344500ecec97,0.011129743366953826
lead_1861bc915497ea19,0.0026369773892600786
lead_84dd94e69746d4c7,0.04286111348554579
lead_d092d982789ddea7,0.9879003024530809
lead_0512253e3bfd2702,0.3397010272627307
lead_cc699eae9a9a8c27,0.10386127332109066
lead_7f1c6ff4d5308d05,0.9463235268690747
lead_4af660acaff6cd43,0.18438336031981686
lead_a0b14ad4198bfac3,0.21893769160662696
lead_c5aa6608758b5294,0.16056502763472486
lead_8449de5e71d084ce,0.8475591047121332
lead_39c0f2e066191c07,0.0454705035218058
lead_254fbd41824c6f6f,0.001027027572471094
lead_d6f889668ed3ae4a,0.6081694606026099
lead_90ccad7f0432a8b6,0.5283170359954082
lead_8a7a2736d20de1bc,0.46859187596329505
lead_3b8b092721c89ddb,0.014354528915364775
lead_8f338a1c503f224e,0.10787378481331945
lead_e9fb54b519d6dbab,0.2889537491920046
lead_d4d0f550f6c735aa,0.002753553353882982
lead_e2c78c10d5fe2f61,0.07063909746695135
lead_6218a9e09bed60ad,0.11573382337308924
lead_176e819318086628,0.09530070681875082
lead_a7dfc645a606c647,0.05082366256814356
lead_c560c09157ed21f7,0.35558437606871335
lead_44b064af2f00b928,0.17200977371869916
lead_a924103579a2bc58,0.9736887399307192
lead_2f2cdff67e9f9b39,0.0007637049076765129
lead_b0dcc3821a9f9827,0.10365506968789225
lead_a3cb7acbd46ea179,0.07057248265563804
lead_25539e6ed2b27450,0.03752776635453788
lead_8dfada323777d897,0.19902368525287456
lead_d2b12c9dd2391ea9,0.34466532922361126
lead_9507dc1a62f78cd8,0.07292331502581806
lead_987f62f96b4aa460,0.04889598640226947
lead_0bb2fcb843276eec,0.1359775042068454
lead_12a9d3864011677b,0.12013685513538479
lead_26b97b4cb308bbbd,0.017763474533475217
lead_c5054f9074f404d3,0.06303277041165334
lead_dfa2132a53bc0388,0.11141540110646833
lead_276fd264da62f176,0.0017434555217808448
lead_4039255266648a1a,0.16080886504568184
lead_7ad5f680534f84bb,0.07805379571404088
lead_2264def25c0c97bf,0.037960404708230845
lead_e1733a78769bf4e5,0.007280492913204767
lead_4dfd87890e035183,0.05143676002268282
lead_80294f88971d02c9,0.29056287459700814
lead_124cd83d44b0c3fe,0.486405465148257
lead_65b5faec66d01590,0.07727698351762921
lead_ee15e79f7e9d2421,0.9614411781059297
lead_1c12fba21183298c,0.05465599601710364
lead_c6e94264e93934b3,0.08429747958989053
lead_73cc595f9a5dcb28,0.09966702749463502
lead_243624d203afba2f,0.15252119353829957
lead_68732187712f0cdb,0.06523768921512414
lead_1b3ef0912b821f7b,0.30384820335785984
lead_6bd651a33a0aeb3f,0.058846878481881214
lead_ff4cd6caf350bcdc,0.11507961417004495
lead_2bc77e17325a2713,0.4365159794786815
lead_6c100ac1cb8c8d98,0.0013551089161288892
lead_d843360d9b4cb16f,0.12827429123038206
lead_2ce730aaf67bf8df,0.08939440001517605
lead_89e42e5a2cc8ebea,0.1564284989368618
lead_32a793e3314c60c0,0.04559303863803713
lead_2641dfb6dce92d4f,0.05268741793404762
lead_092843968e27199f,0.044452739514127614
lead_7d49d138a541e8c0,0.1316127605635549
lead_3482dd3defd7cbef,0.3948521910395804
lead_e783469fc03683d9,0.13778984016651982
lead_47df31a6d3446068,0.08626125412181722
lead_5fd38d8ae76177f8,0.013144042637416102
lead_c452cccc55f8e903,0.09564849950089004
lead_5d8af9a0b6f15717,0.19225396599620997
lead_10a97c64dfec7d55,0.0515457339830015
lead_8cc150555409d27c,0.5918464001754272
lead_3d3c6b13b014979e,0.06293132800993645
lead_5c2fbcf51a3a19fe,0.1645987205059219
lead_36e966675ecef0af,0.0720996504149813
lead_7fef2874e3d08fae,0.12363863801628466
lead_0bc2797b3d6c880c,0.03908581606019712
lead_d64b1cb9b27efc32,0.09095532387537925
lead_70efccc3787d2b51,0.0669509548959013
lead_0b397299b82c531e,0.047826142352597426
lead_5dfe454d680a986f,0.12539371039975988
lead_5c662871b44855e0,0.13222805854554456
lead_7d88d51a02c20912,0.045440142085880895
lead_b69f0db0bfb89629,0.07992117012894619
lead_3da6e13e1f0713de,0.974555764497229
lead_2394bea13f3041cb,0.02315445921464132
lead_fd9d94e4ca9a36be,0.10849533664143593
lead_284e9bdbd0eaed78,0.001886451502745896
lead_4a3bb0f3bc1b32d0,0.1057128603179618
lead_6a95744aa1d5ea2c,0.0652890767774657
lead_ba1af32a18b2db8d,0.09424672792697066
lead_3f7026971cb897d3,0.12299244382548159
lead_55a97f07d6211800,0.31584675969169385
lead_4d203cf8d2418737,0.049855219152225044
lead_ccffa538f31507f9,0.2654607572597694
lead_515c254a52e14921,0.013329726525212846
lead_d0644d6e60368e61,0.18583509221933975
lead_ac597f6aec3d6f24,0.0003759811046814213
lead_3b0eff7e253c70d3,0.37301364849082325
lead_1ecb2b023e326e47,0.11413639806523974
lead_5702bcc4ec7a5cfc,0.18495815920477915
lead_2f3ad2682668d232,0.4710204188875475
lead_3925fa35f151cc20,0.20268031047718463
lead_daaebdec601b4831,0.996648275309803
lead_63bc86786d221f82,0.21174701975561266
lead_b33c33cd280aa854,0.06133519860413558
lead_216f9f000eee7836,0.22384774900161117
lead_ed3e1ffc21196f9b,0.04823010772974598
lead_c6320eba11d28a55,0.16905885893928913
lead_958573ca429f010d,0.00045253058316543004
lead_9ad169aaf112ed4e,0.10847051572520644
lead_b5b0f4a4fc9ca6b9,0.19935741173158486
lead_ae342059e965deb8,0.04654863464299806
lead_d65957da2a43261e,0.08100163149242327
lead_a0ff7bbd40c50bec,0.49975428198345356
lead_0592aeed9311eb84,0.03988309779302983
lead_f2e4cdef27b49e1b,0.021899824971218333
lead_1696d58bb8c72e02,0.14762775980945436
lead_c1c69128b8ea9ea1,0.05092158114251341
lead_145ffc9848bc4579,0.2483207392775593
lead_c546664983cc5662,0.06925691744936999
lead_ae171758a2ad39a1,0.1145208031682669
lead_98c760c413230d5f,0.023612956849807448
lead_27f9b315af6c1859,0.10448078800373814
lead_42a405f9567eafe3,0.1569615022314763
lead_06e41f2a8a070d2f,0.14390043183563048
lead_c7bf4bc85bc5a353,0.1378169403443866
lead_8a2641f5efe61674,0.09469955185058541
lead_a01e164de4b7e9cd,0.1262394588317162
lead_ef71607e31509c30,0.7026241042418409
lead_99aa20fbb5bca030,0.17600641505329181
lead_50734cdecb58eb71,0.545634161824441
lead_1d7bb65aed14e414,0.005894810620908721
lead_abd74e7ab7d614f2,0.19284001255643016
lead_a41a907adf6e10f1,0.35219172657061937
lead_e48559a464860795,0.33444265280857277
lead_b5eea88e7bf5517d,0.1930868018821771
lead_27c9e215893f3410,0.28901794006725
lead_369e4ef4ea625972,0.18523302665769253
lead_2884b0deed2fa491,0.0014587424146021697
lead_0135d39ed28ce01d,0.0025556454706894024
lead_8a5c14ba7debc536,0.8648505529557917
lead_463030db1ce5c2be,0.19907258099005534
lead_864170073dfe062f,0.0004315444608414695
lead_edf943de094a7e2d,0.06823251704542403
lead_548f475b42dd7f9e,0.00878919249367969
lead_73019887d4350755,0.21042604348004282
lead_a8a99c4c231a37fe,0.10290368963356133
lead_d4fa38e50a700834,0.30606531357424804
lead_442ad66b19a3ef05,0.13514835262144373
lead_284da1db1347df93,0.0569680883899687
lead_0d398a605f9a193f,0.6265331704608664
lead_3e905557c07657e9,0.994984779343246
lead_d7549d424730680e,0.15476558947592997
lead_aca9147074c6af9f,0.06855215227639778
lead_a6a1212617203fab,0.24469263000257355
lead_839f11a152a92838,0.11891406418321511
lead_6280b5ae4b5c271b,0.125494738306337
lead_a719bfdf4313cde9,0.07791718605720938
lead_627909b92064cfba,0.6147994062962743
lead_81d44b6070f8a0a9,0.13876493336475199
lead_8fb5308258496b05,0.1586279401552321
lead_73886ad4a816a602,0.7892642921265568
lead_461a84916738c266,0.03923109565456499
lead_737b40fbec791695,0.09279884359779368
lead_7b6225ff81e112af,0.1801007277793578
lead_1506f69ab80d2834,0.14059586753249326
lead_c7874ee5bc04c4db,0.05430382459940092
lead_dd2a98033c7e679d,0.05505894163998543
lead_03f7fda2ad361232,0.10573015207713998
lead_add4c638822b54a9,0.044286738778479606
lead_91554e74accac488,0.3076945544427031
lead_0cbe1f6ced53594a,0.05922509874000977
lead_f52c9dc6dfc17f57,0.18567070801657037
lead_b3a4b978d50c4277,0.038812526085029324
lead_786f5e35c0389c61,0.22993820000156212
lead_5e48df3bd1089a83,0.1564671339571205
lead_3580761a1eb774f6,0.21720003675723878
lead_5ba6315a020ad026,0.043809405761848455
lead_1a115278f34ba219,0.14981622609214487
lead_29bb3c68e81c8135,0.09852657116925304
lead_42ab9faa3025ef8b,0.08531871761222633
lead_59ab6994e01adf97,0.0010957742330749932
lead_255311c41420210d,0.9072017510550521
lead_e37ff19bb2e13722,0.9911140346217134
lead_a2b3b94c3a52acd6,0.20809808857799866
lead_0931b8a5a750c3f8,0.0790465690350405
lead_bb7bffe23affddae,0.31497083503622253
lead_e91cd25b517a4d52,0.9958151792028394
lead_c25eaa5210171ab0,0.7637097686430082
lead_a0edd809f17fdb33,0.10941908826186943
lead_90f4855fc0571e0c,0.3451648215551235
lead_2ac25443154207bb,0.08557376338019912
lead_97063778490ab897,0.05228452421894578
lead_8c82c1a188385ee3,0.10190950492683011
lead_8ecedc9a4cf7f0ae,0.040997155005946376
lead_256ca953ea5b99ba,0.21568572019645793
lead_a60f79085ffb68a2,0.10482742874677026
lead_bb9f2265421e10b7,0.21924827532899485
lead_cc3e66f1fafa63be,0.9987361727456554
lead_bbcd82629472c40c,0.0007985733157407438
lead_c5cd947cdc28f276,0.9976614780967565
lead_f0b048c8833a1525,0.07615986343748972
lead_61295294356d7e3b,0.9397163694971136
lead_38a1bb01592c2945,0.10574243951169614
lead_dcf2dafda86196ea,0.0012715331716364742
lead_103cd1a11fb73cef,0.1335613187834756
lead_214ac16d242d6701,0.11079372599493818
lead_1411f1fc13cb855a,0.19924879978669102
lead_8cc544d230043625,0.15493224321064053
lead_f62973b9e0dedd24,0.06249409426331451
lead_7c7a43080e23d4b7,0.09016714403898145
lead_89df41b5106b1eea,0.051612733887250635
lead_37b00633e1feb997,0.28309631675255204
lead_0b6cf0b484c29c76,0.8029569308785395
lead_8ab9dfbad7ea6255,0.11741462446659567
lead_86fcc9ebc43cebd0,0.002149720525164239
lead_5da477adc32dc842,0.08193067827985698
lead_c2b72495fcfe84a0,0.20605757943964478
lead_bbfb0f7f33f03070,0.3369406133801074
lead_6157255ac03dd53a,0.20328547660801602
lead_65d257a4fcfb246b,0.010490924023979194
lead_6e20512b914a140e,0.25650044494724517
lead_f4d6b726aef03ec1,0.9954369888456899
lead_b4ee7c63ce470369,0.14282779998416775
lead_d3731c35de8143e6,0.09551521553276372
lead_ea3c015a599be0f7,0.7267762329500034
lead_348600fbd92be8b1,0.27407715109061526
lead_71ed8122189bdc8c,0.09778247990136572
lead_006e66dda896521d,0.0652347303348509
lead_627dfc8a3d806146,0.1378682361248221
lead_7a7f20cae3caf880,0.8265009877662236
lead_e0cfadcecd7756e6,0.06456708503422162
lead_38ee7218a27eeb34,0.141485053823074
lead_e0323c5ffae8c07b,0.13468479324482505
lead_17c3ce2fb0558502,0.023323158085611088
lead_d0361683ee60c876,0.39896177480740824
lead_1901fa6cfbbecc56,0.7292755273155758
lead_2da2d05e20df5ef8,0.07494290888298126
lead_34d89050f2d32483,0.04408958669355058
lead_d443de6fea229628,0.407868449626479
lead_3482a56312012fc6,0.7991235600524507
lead_d57f34b5bd82ad16,0.17019197767014155
lead_461782d94f8c6d92,0.06614792638211879
lead_9487e95284b53e7b,0.3203226393621561
lead_bde387978d8c3609,0.2147941403889016
lead_1ad238c7c27eb0b1,0.2796902807980127
lead_0c52a3143ec905f6,0.14533536082462956
lead_1c4e5f997cd9b12b,0.07240107427822116
lead_2830719465a261f4,0.7589386288183818
lead_30d52c686cc5f4c3,0.06626671092726084
lead_1cab9ec249d4ac1c,0.15007024538864874
lead_c7f5e51c666e4707,0.3198358258667486
lead_4d7174a379b8a51e,0.995073060666486
lead_cbe8c56eb78be204,0.0981298365433791
lead_111c6e5d51298255,0.08381019513930545
lead_b0e1335127943231,0.3353653968715823
lead_d1f2a7afdf4767f7,0.47885475402781413
lead_6620b4e66217a2e4,0.050833878736607455
lead_c0d6647bab4ed08d,0.12902601220038132
lead_de30bf284970099c,0.07731742957493523
lead_80b9119681c2067f,0.13970930129345258
lead_e3b60a88457ae19d,0.027569858945155155
lead_92a3b11a3f36691d,0.1400518416617944
lead_11cea88c208ebfe6,0.35960894802095983
lead_d0f81bbfab88691e,0.12417077059181733
lead_9fe8785646442ac4,0.1456483823445929
lead_208ee2af7292fa56,0.08001038574731668
lead_d2634f6990753415,0.07306676820024618
lead_5e8b00ee258c8532,0.4653444996621584
lead_e9fbd13ef343cd1f,0.27852399507955056
lead_9f7dc03478d2e9d1,0.1361890905051648
lead_42134a6af26d7b55,0.10561136490998348
lead_5d890515a2bcec39,0.040903441686509265
lead_e4d7651dda1c57c6,0.15327603716028562
lead_673ab2061f0c38c9,0.6365267044322543
lead_3ad8d102f98ae15d,0.17977078914241584
lead_a7605aa4dd46fc63,0.17728861938191323
lead_3f0acd53a2c0c870,0.1638680650749438
lead_f95b76f55de6bad6,0.2947065284295114
lead_31046996961d7d74,0.06850439064040609
lead_c3fb9f741ba49ed6,0.056412376560192504
lead_9a5057ab0b74c734,0.07853502703472566
lead_599a715d95f7c28f,0.11628569123048019
lead_0c79a2476f19e6e8,0.010157952010941117
lead_34435fa596d40871,0.07054796193412492
lead_3336719c9ae95a74,0.12101001059112311
lead_c9ad772bab0f2175,0.09199696035273006
lead_58a031df5fe5cbd6,0.06434034095110937
lead_82856cc4997dfc00,0.9234825795653364
lead_8ff73c5be871b35c,0.3872494834103117
lead_1d1cb7c349e12a3d,0.062060602084997564
lead_77e2f60d4c98799a,0.15022795691016563
lead_9e9d0aaedc5db735,0.2601467095307779
lead_8785ab495c91ad82,0.08644510255121998
lead_3455dabb4a98dd1d,0.054661303686986906
lead_3671df7f99487aef,0.5590022480244211
lead_3a83927ad7986af4,0.10105115498506043
lead_3bcd45e9695d6276,0.2481077867140243
lead_ba9ea29a5e63dbe3,0.20282438642914746
lead_1eb763d9932faa2d,0.11077867926185833
lead_38fa1929b7b1810d,0.997367225364344
lead_96f90791f7da6819,0.14498866032164331
lead_0a6c2be36dc4e51c,0.008806002679981592
lead_fe1580025559675e,0.07069372972065811
lead_55fe5fa58eb4123d,0.12786403254054585
lead_3a42022ca168c9f8,0.9986866043847373
lead_094b60c1159b70d2,0.14558940266853795
lead_47adecbb888672a1,0.15472603100601326
lead_9e4747642b682e98,0.12152002870808296
lead_c4219e09f12b5501,0.054659568556550776
lead_57233cae303b4a4a,0.1561366137272102
lead_aa7ddf9c8b8e745f,0.09458436642980579
lead_cfab3474d500d49a,0.05960890938217875
lead_e62403d8efb707bd,0.8994425539710971
lead_e708c8016d668081,0.1031284716331085
lead_8c8327dec4d8b86b,0.37725675550869925
lead_bc1a5ee066fc7e2a,0.11747877781187628
lead_86b5c2b8b4471b1c,0.042500609316704886
lead_fbef364c3fbaee52,0.11276337632815797
lead_e999a02a447b1ef6,0.04299378831921412
lead_c3b8d115c280bf98,0.18632037283453043
lead_4165d26564d19911,0.12602300395102073
lead_b8d989fa3b436ed3,0.9918379136293493
lead_943ddefdbdbd817a,0.09764805743856769
lead_e26b4bf54c447414,0.11469183892514956
lead_1de9afa397c72232,0.08061785498073916
lead_d5e7d36152fb6581,0.13496914090006967
lead_1b0af5d40bf6e2a3,0.3783746208549325
lead_52b7fef8ef4e60d8,0.4477899037935548
lead_e2e142e4e11bdfb2,0.0341326648603742
lead_4612a2846e514433,0.2803696100148436
lead_b43a571219e2a013,0.410011813889554
lead_f4e20c0fa6e91360,0.1901248232757264
lead_db7c0ab17a5fb98e,0.11230419584563014
lead_703ab3160b67e9a2,0.14377858816326738
lead_07b6fc7377efe473,0.034809221753677844
lead_784583b9d6b2a879,0.3010538769898246
lead_c964f8adcde0bfd3,0.083125584024489
lead_0b59aca9f4ab41f0,0.36456980455752064
lead_d59c1f4234f1e5d3,0.49567045614773886
lead_b7187bdefb676473,0.07141755553982555
lead_e02ca9144c29743c,0.049075630610404056
lead_9ed1c40a0d64ccde,0.10563726301225915
lead_e5b6aef8c9da952d,0.06697363452028358
lead_aeb6792bd895bb29,0.003029802475373471
lead_0b04067b5af62ca6,0.25618720016509455
lead_6daff074b51fa377,0.01469764655240743
lead_653aaa7b167463e2,0.047027269074096725
lead_bc30c498b3176eb2,0.11658164157032962
lead_30ff325d08adf52f,0.16875992800521486
lead_a9d74e9907ded6a5,0.9239611886034876
lead_063856d9752fba6e,0.1239742497720342
lead_acd14e661e537d00,0.2378560117255582
lead_89d85293980a2280,0.09073618464733665
lead_f0c9027549203bb8,0.03422745692101916
lead_083eacb7ec282d48,0.052560199040020635
lead_91bbff6fa14c42d1,0.39924745954366303
lead_573bec79d720c748,0.205272487427639
lead_81682c271a73fc23,0.07572495394721011
lead_8b52afcf3c78cbaf,0.08235463135573899
lead_73fafaf62ea39e80,0.046003701983066074
lead_5f9993fe6c84fa71,0.13741400687844404
lead_19ecb39fe70f0624,0.02986247355283817
lead_e35f714b2c26d2f3,0.0318160509393499
lead_7f6a9dd90ae48772,0.06700960520953621
lead_180511455cd19dd5,0.23718167113032576
lead_51d729697e0c20bf,0.267951923384473
lead_e750337531cf90e0,0.07083016388522656
lead_81d1414e248d4803,0.6887744964084394
lead_bb57e540053e4e6c,0.0893975847894789
lead_a1386eb9d581d202,0.054613773848363786
lead_56916323e32148d5,0.004524893388151253
lead_46bfffbfaafcf26e,0.06261975211871967
lead_51bf254d6931d576,0.05058412688540413
lead_27663e504187f6df,0.9874765660386821
lead_fcfdba5372dff1ac,0.08527336180293707
lead_1beaae2a59e430bf,0.06189576030733153
lead_3ee90c2c5777cd23,0.1558766290927273
lead_f8dd488f315841de,0.02719633376227516
lead_0ea4a253245be27b,0.08037781355346242
lead_46166ab7d2ccdb69,0.056432020007281154
lead_2ed3268fe7a46c64,0.0480126211560822
lead_79f890e130c9ba95,0.9955076534915515
lead_b39cd87f96156f0c,0.17677806025884066
lead_2510b3aa8f1484c2,0.1152643838299198
lead_5c880c2ec6fb02ce,0.010439206845613334
lead_24408ceaa02e9dfd,0.07343421885950516
lead_ea61e13ff39a5198,0.41173514181611576
lead_d29258afbce72414,0.006981800837382549
lead_105200718982d753,0.09894516074280706
lead_dc99eb96ad81b821,0.14413100599993625
lead_fee22ef8b1933ee7,0.20180885460752068
lead_dc037a0ccaa92a1b,0.0018300478064336068
lead_e55f3b62f44becd5,0.26655372259206567
lead_c45ad978790c0f6d,0.1449564290855812
lead_2dee99aee81dbe1d,0.06922747143977316
lead_20056a5fec5e3f93,0.1950231319840642
lead_7ac9bac0ba2ef78b,0.11820556019348703
lead_0e584fb1edfd8672,0.2750271618162101
lead_2104ec2fc994658f,0.13649962003900704
lead_a14a800a342af1cd,0.13822110195998047
lead_a7ccb61a01ea7d49,0.03183289411699057
lead_70c8a7fd4da5cb3c,0.35078949535310894
lead_d13f50f6ad546be4,0.03561789689685967
lead_338f2122fb57ec74,0.044819031643391904
lead_9c4fa5e0f9b13183,0.49588741582723245
lead_e5624aee5c2fa00a,0.0016950561981079366
lead_aeff7118e75870ad,0.3685967865186483
lead_f62398944546a818,0.014812320424128212
lead_ddf0bdfff9fa41a4,0.0410338891919633
lead_17a90ca68dd19410,0.0990542814897935
lead_be00fe07968b77b1,0.12717160298128735
lead_f8428271cbb2c80e,0.0002538965525519991
lead_74e47d4ae587f617,0.49208140291990043
lead_727616b7a8fc0516,0.02850296513141659
lead_3b27e4587d1cb64a,0.05618831875419485
lead_0d329026ee9bc0ef,0.08116236293187805
lead_216b5a6afee68cd3,0.9307707791541571
lead_e8440591c5e1e2ac,0.0008634238355852017
lead_65d9fd302e369808,0.024503768928420402
lead_b7e54d5211cdd8cc,0.07428227316142806
lead_2ccf495c84b21f17,0.5477690257292479
lead_e4421fa90ae82e4f,0.012778705588149286
lead_73cb600394c03a26,0.1043314278856564
lead_9d1f6902e26c7e18,0.2519803760563914
lead_c2bdcdb323e1bf74,0.5907759716189908
lead_2c4c954141203bab,0.0003404584566088162
lead_61bf5bbd5dcb3c97,0.0005102047353523945
lead_c7e5f1cc8f252da3,0.14227237085342742
lead_03f79fb947660d37,0.059491777597968275
lead_4e4b5a8185bb1677,0.12962073234781743
lead_790dd62469595bf5,0.1043644496948796
lead_bbb3532019e3f200,0.06205705099256015
lead_9080e77d9c403a5c,0.12912669281854802
lead_8ca600e8b8e899e8,0.8120833150569776
lead_3e3f9099297b4c24,0.033818387993466106
lead_56aa880c5f04f032,0.006248699469475794
lead_195a10cb059a700b,0.0863368268995547
lead_1ee77b55ca3e957d,0.34072749357225346
lead_96abb07304824f93,0.6242852346062568
lead_7f8f9bcd042b92e3,0.3348976748036871
lead_f3f2dfcd0aa91593,0.06084529943538715
lead_8e1a52d568b700b8,0.055775799168504475
lead_90b5ee78a68dc0f4,0.008500529841142648
lead_82e2a183c44dac29,0.0679141045759006
lead_1de4fc35440d9ca2,0.14990335695545948
lead_72779038a58bdc31,0.07084906467508961
lead_22d2d985a4f10d00,0.18222774471908276
lead_a5bbd47b10b73d4b,0.0022567465483640417
lead_afec8323a70c92e7,0.07701085537738811
lead_c845b83059959083,0.11862531072995276
lead_1ff9553c352fb1d3,0.10867488171210478
lead_0f2389ae32ad01c5,0.23007585688928356
lead_c267e994010518b5,0.11568213017758813
lead_6ba9d74798bb3bd8,0.05371996119976206
lead_d7b5afbceaf1877f,0.12748859865812023
lead_7aa5f64d104667ea,0.2555749954809396
lead_efb0e0e77ff6c7f7,0.07681344020210253
lead_79203d959f8d0f69,0.24862637968353932
lead_a8a36c7868ecdcac,0.9943930896631503
lead_cc3c0a74225cc4cf,0.20806523782981293
lead_614d69dd7770dcf0,0.07033330870934076
lead_1dff83be5e83af9b,0.5147397588161079
lead_06e5ab9c0ed5563a,0.11602193539729712
lead_2dda0e3933d5f1fb,0.03349237428522207
lead_7e120d169ea27495,0.21744217856889222
lead_a7aa109849f84740,0.08303675296662466
lead_bc2621bcce6fb9a6,0.082156498384133
lead_1061e2049ae0ae67,0.05396072327345395
lead_6df59346d835c336,0.23590420204381274
lead_575db062c81462f2,0.160544760334773
lead_6aa40c0c17f58874,0.002168450358947017
lead_b7948fb7113ad672,0.11898895511091788
lead_84b119d91f4c4758,0.3707755145123901
lead_17e99fc6793ba21c,0.5240032749586173
lead_21f50f892c03feef,0.16504792583804848
lead_f59910c54ccec5db,0.03431295212168123
lead_d86d979d4a757a08,0.6772977313369265
lead_b03ef78a444322d5,0.057239444879137756
lead_e85a81dc39e848fa,0.06257855842778341
lead_91743d8830307ee2,0.21589320913726767
lead_51f4c033b2c8abae,0.0431374015483535
lead_0d63c031a0a986b8,0.1048154738158006
lead_05eb1c289d9a1ebd,0.06283965235305439
lead_a59dc2ca4621eedc,0.2946533358999474
lead_0c8270a7128156ce,0.11297978256638923
lead_e441783a143190a9,0.0647696281919354
lead_9729a0d44a4801fc,0.04760182844466154
lead_ab4897d31341469d,0.11064119702330066
lead_645a968b9e5b23e7,0.9930461875567261
lead_36875fd1b1b69676,0.038077005031797534
lead_f16e536e67f068e6,0.17076863104072673
lead_f0d1baf339c185ab,0.0774054012724123
lead_c88b5c66f17c8fd4,0.11378778612918215
lead_80679fc9e2511c30,0.5691506890837331
lead_ef4f9923d7a9623c,0.9597064809181618
lead_a4cb94834b339dcf,0.06880693060843
lead_159a5b4ad9fd0516,0.025935676274490053
lead_c9da79bf765e54d6,0.11961030927300048
lead_4001279138cc81fb,0.0723555913692055
lead_bb9b27973718d1dc,0.19170397042721946
lead_39826d725bb12eb0,0.20930452889322584
lead_99c00bc991da5c1e,0.0608944016664322
lead_929d229128e2dfb1,0.6440449147137984
lead_4a44b467c7c32e44,0.09083581249996914
lead_615baa3b17b5e9de,0.06806409183241026
lead_ab6f676e1fc963c3,0.5246352792314297
lead_91f4a52826c7cdc1,0.07308012549846088
lead_e01f208aa2532eec,0.10470901230549304
lead_b99be1472f40598a,0.034109901879143686
lead_ae575f8ca5f13274,0.1466981922828956
lead_e0d60f2307ea6019,0.4992277941362285
lead_e4476fc46b05add1,0.07254474807080195
lead_47d385fd1cb9c390,0.26562990373180806
lead_6d9934afb546266e,0.20692723882906838
lead_866ad6a1d5ab4f41,0.05625160765567201
lead_8be780f499c97a53,0.07362646668560957
lead_7d0148555751b3b9,0.00044670865708116707
lead_1ecf1682c5d13283,0.4007870734469212
lead_d44b1d31736b8381,0.05626078702213882
lead_cbb7cc82fd148cb9,0.12002717052605814
lead_54f358c4e01e7c50,0.4967462464887461
lead_b00042437dc3fb32,0.083908039389927
lead_a261de1591384a0e,0.2469451719313119
lead_4290e4aa86b290b1,0.0905725167989703
lead_ccf0eb11dc209f8a,0.04713974696099623
lead_0ced6178eb61fba3,0.007138711164369003
lead_68f41fbf3e1d51dd,0.23572444882458934
lead_3a369742f29a5b94,0.003962635774191442
lead_1d50e51c95f17f4f,0.11625146505698303
lead_9ea3fe8963c1855e,0.11425658373836206
lead_58a20bfc181b6d7a,0.009900254987767932
lead_1607bdef2093616d,0.1713289447448989
lead_9f0fc6083a14edca,0.5375181317783172
lead_f22e869bbc301caf,0.9969166298205805
lead_091eb6edc59ced62,0.11274777340467931
lead_3d6296fc130902ca,0.3839709735543976
lead_2497aacbf4a6ab1c,0.6093972037106229
lead_463f19ca2b631979,0.157433843695762
lead_9fa0f552ca9f9dc8,0.10717539239554416
lead_3a3c0271e5d16e18,0.3662007094652882
lead_1c5fc1bc6e812ac9,0.0491429861630818
lead_d42ff9e56f35bafb,0.19074602581376937
lead_29f815dde550ec6a,0.07912598652868447
lead_0875519975e77be2,0.12121020086777977
lead_e560a442b8369f6c,0.16047947169526888
lead_a291038321448848,0.006536280634898541
lead_3e68d3dfd1aa9dbd,0.08161457756345265
lead_0352969942885a37,0.04732086696444797
lead_1aedb6b1b4bd7c67,0.33345367838978096
lead_c2aa9c8763046c43,0.04890175763847381
lead_f83b6e9dba7eea3e,0.18121261464193145
lead_92cc51e6959b057a,0.22753804448230644
lead_cb9c10576d71f8a7,0.11260856574223264
lead_2ea357f2416c0a00,0.11046011620496754
lead_3b7abc5627697a5f,0.11198963142901439
lead_d7e7b9cc5f882a83,0.17221855469238478
lead_9ca8ba63a6e9faea,0.00022136032500795345
lead_ca8ca518dfb33501,0.16910418440832864
lead_8205cb2da5c37c93,0.03977041884369688
lead_fa9bfb98d64cd74c,0.08323344494105035
lead_1939ebe075f49dd2,0.03364141179653296
lead_e272cc866da09a74,0.034269868558469314
lead_1e877ac0d9e0322b,0.9953397274967554
lead_f52ea29c978a09ac,0.0007467019236761241
lead_34e33b706439eea6,0.0475759040135586
lead_281c79322ed00674,0.0861343680639885
lead_d0de60b0ed614335,0.2690120772179548
lead_ae25c1e5696c3688,0.017403302974990275
lead_dd3224b60c7a0e65,0.006867209001904737
lead_d88eaf2eeb4da09c,0.17591563098208923
lead_56f883b1c0f3dfc0,0.005809675060432061
lead_24c65e2a3039a454,0.04872912988411911
lead_007d203903f23343,0.9968354093311628
lead_1a4f46b649cefbc3,0.07835828865323337
lead_423f14b6a10d5bdf,0.14974548207500585
lead_4589cdb62ced9551,0.10954350905649766
lead_a4ebd99b083e7726,0.13495947842278982
lead_e783373906602b05,0.009420445688303483
lead_11d68e0ba965f032,0.02235110682816497
lead_d99d022e662e99d0,0.10944390963531296
lead_8b6cc8f30bad6334,0.0563201269719945
lead_f1106d8a5bdc7bcd,0.0641177708151407
lead_cec9e770fc15990d,0.07725939340480563
lead_77e93b7116045e87,0.3892822625252671
lead_bb7719f3b03db725,0.20959388399520412
lead_76d3c63cb5240e29,0.06992002560409534
lead_fd8ab6309b032efc,0.1377846294177123
lead_140aa5753b171c66,0.2400159728400609
lead_41b6e4591e3f73a7,0.017914400420288926
lead_c86cf39df9a0d5c5,0.20869145491775684
lead_cca171406dca1e18,0.11826507427775466
lead_bda4bd7b84c1583e,0.5544613433167265
lead_d0dceed884a18a0a,0.050197971646688454
lead_16bcdedcde89ad3e,0.6908558561659415
lead_5e03ec10d0d1f1d3,0.003622291336132388
lead_6580b07f54ec48e5,0.04569299841850788
lead_99339113c9a1e08e,0.22810381317790815
lead_eb3b4dccad02925e,0.6176576298488134
lead_b542e06e1e402b78,0.12239456469570087
lead_7dcf81d2f9dcf7aa,0.3213122872680959
lead_30703f30a4189d16,0.009250153892577112
lead_44f52c15ec8c5a01,0.0006340371756621496
lead_6488c5402bf97a72,0.12914119045130815
lead_29ef7334a6409132,0.05974501515300871
lead_9494c8a639702c5b,0.14944426870844538
lead_e7bdcfd9b6d3845d,0.10994479087456546
lead_e2d7cffe7528550f,0.9888682880256537
lead_bd0ed5a783e617ba,0.45810375069767967
lead_adb1f20040ea5ec5,0.07638737135323824
lead_1c85fe1390eb0e4e,0.10230112540828243
lead_f61a652afc43b267,0.07713254934524783
lead_f6b1ccfd153b3c81,0.1639616789912849
lead_252debf3e8bf44cb,0.05341493094272152
lead_3dcff3f1f2d3374d,0.08529672965694395
lead_9e1cb3cf8f8958e3,0.2070405924674332
lead_5ba7b86964697646,0.27751783808586505
lead_0d6c78be085ac512,0.07372087334988704
lead_ff0a02b9bdd352ab,0.09987680561897729
lead_5adbc5e4341d4ce4,0.003637353400657675
lead_792e0509ebbdba97,0.06347146591529852
lead_79e8f06fbe91bb26,0.1308512039861153
lead_c7461753c62d7144,0.05015472283718067
lead_39c8c835e34876f6,0.19397138551685672
lead_5244e3996f90046a,0.1387207572747012
lead_803f64b6e0e7c895,0.03038611270644351
lead_5506025783421822,0.20855298290270527
lead_8794d4c80416b4d9,0.1020067991413204
lead_bef2e5cac48cdaa4,0.15152965081861605
lead_613b4efa6bd42500,0.15662925216981025
lead_e535cb71b51b7610,0.012269266854997705
lead_070af895066f1418,0.11155795860314528
lead_6ecca441c6da24e1,0.21810797836477266
lead_94105b9080adc2f0,0.098195207830954
lead_15f4717e3c89d6a2,0.3066285971171803
lead_b98568072d922756,0.06119797662560094
lead_9515eaadd91c0d53,0.09106111686223319
lead_cd11361783e721b5,0.07052138174004438
lead_f4c94e1fa334dd1c,0.011069613023695711
lead_62b5938312633bb6,0.10081565439734144
lead_30f07b56c17a88a0,0.061361457232133584
lead_ceb4433503c83204,0.2699906821635824
lead_a41ea6f488bdb981,0.35789066514868106
lead_a8b71b6999d1a351,0.004761769838783364
lead_33bd282f661cca10,0.1867803809246678
lead_c54a288d07382723,0.5432578639685741
lead_07fabd235fc0c270,0.35086386882795145
lead_ff60071e31713283,0.2055209854200374
lead_1e5bdee757a61928,0.48339237386265627
lead_71bae7479faa0343,0.0542967645856791
lead_07ad24340ac005eb,0.039430988882138376
lead_d83bf648eaf5409f,0.1493094860135538
lead_71013e4c61750671,0.043662474144030974
lead_62cb5f07d379b753,0.8979374587671396
lead_bd85b98fcf59b5a8,0.0472684128028508
lead_a085ecb298bbe832,0.016183838473626356
lead_a6c5ed26df8bf694,0.8625322151923377
lead_83af0a18efea624d,0.08479669938300129
lead_593d346cf9da2fb5,0.9928040450126724
lead_cbfc7750c7e3eb2a,0.6792056919043474
lead_c000651b81d0356c,0.18436643879592382
lead_6198df74bbf929df,0.06579166757347346
lead_70797b2d81eaf90a,0.020644465208949435
lead_bc9b64a81ed0e984,0.04619754086509663
lead_e7b00e44085e98df,0.37430074430148014
lead_0de5346273f45a2a,0.06689973390679081
lead_f5543d7534de2995,0.09674548087433313
lead_186b681f5c0d578f,0.06724986713440143
lead_d5ac8aeb0a76dcb5,0.22507307244693128
lead_8c2d7e8e4dda99c0,0.012619088628751742
lead_5fd45963f5f06f5f,0.45764821111239
lead_8a525940551433b6,0.1022447370999269
lead_0aece2ad3ef61a81,0.13334581226546602
lead_17e3dbeea3ec4b2d,0.05514355085365868
lead_ca8a8e112f3bc9e1,0.11600979358696187
lead_0513ca14c648f116,0.21496703879595222
lead_63a707b56f8b16b4,0.17939743679810383
lead_ec82d140fa391c4e,0.30680746643676055
lead_dca5ed9d02b65ea7,0.12290094411005749
lead_9470536b97d07329,0.14585934234681547
lead_b585d5113d6433d0,0.5868969579323621
lead_607b5aa896ef84a4,0.21571030402480326
lead_e0d1b60cc37a6c26,0.1809011224511232
lead_9e4472bcb0f2d81d,0.09686701224421922
lead_e7cfb9e53328d8d5,0.06233441469550734
lead_e4ac16d5d8c130c2,0.14309362376809504
lead_95c0f042c909438c,0.07822677405542151
lead_ad5e783031b0d26a,0.18835592028731626
lead_f5db2bc1263e21bd,0.028380771922963864
lead_858ebedd1cee68a6,0.22551606920880782
lead_94dadb8506c70bd5,0.4817245828260005
lead_20c5c8eedfacd34f,0.0869412950317374
lead_197ef98eca1ca20e,0.006868121793268192
lead_a773d87ca277ae23,0.1159873110857152
lead_c5321061e56f6d3a,0.24463094802423996
lead_d00c05c19cf2a8bd,0.21407717143055005
lead_debd4d71e737e80d,0.0804620583142915
lead_9c4ac46f7a99f7d3,0.25805506446518284
lead_d6a8cc1038ddc2e7,0.1286208620184245
lead_60cb3289572571e6,0.04581982535853969
lead_7e3803ceace33692,0.10400234618884098
lead_6e44ff5762b1781a,0.11258667457983576
lead_ccbbf137a03569ce,0.07549249621290627
lead_0132cec72bdb265a,0.038782800685082455
lead_90b9e572b07dbac1,0.06099791665595183
lead_9c8011628c73415a,0.19545404396379393
lead_84e869df04e4d200,0.06628528280631793
lead_d079abaf4e95a9a2,0.19469227432859415
lead_001640921e681fee,0.17996393933345128
lead_83317f6a21d7f544,0.10045734325241217
lead_fc41f525def604c2,0.1097175341436593
lead_54de3b09d36239f6,0.34179273950234984
lead_2cdfa61156a9c64d,0.03700053013741161
lead_98cf12734353eaf3,0.9941372873388252
lead_92092c30e5b28919,0.23269493997516696
lead_8240ca8590c3c445,0.5831372351547054
lead_73c81247a984c94d,0.25731129410863635
lead_b8a48c8183cbf664,0.13724728022457053
lead_5823b39006b0bb73,0.14921408281937593
lead_7ae5fb9da45bb04a,0.28285021110450287
lead_13041c546cb52000,0.1138414470919925
lead_77ed6bb344ee497a,0.2114017465566399
lead_862dff99dc5fe746,0.057449566605951845
lead_cfd1ece1a626383d,0.002654129986669936
lead_a2373495b7660de8,0.11186364435123695
lead_99f0d4269e4fd293,0.05698080239119368
lead_4a785009723357ab,0.13250163705738924
lead_dbfdd3caf6308a43,0.9121926395435673
lead_9502d294bd720ccd,0.9905186337761863
lead_abae869584e08dd1,0.04857206979057808
lead_ea0e15c2bf6b657c,0.19454465556152667
lead_2ce3bad214155688,0.018014839865765565
lead_6ab5daa3f355b713,0.13747043140956614
lead_6d13ba46a0cbf9e4,0.9781743819277168
lead_697e738cb3031645,0.21954999239909398
lead_2b03250f5879e4e9,0.01700716697118238
lead_5f538e5bfcc6eb6a,0.031505351110244245
lead_d3573006fb239d9a,0.32588723411073717
lead_ef48805eae721b4d,0.17260339633442054
lead_5a7e9d8a40cfd786,0.26159166763586
lead_eddb529b7f4a6db3,0.09246868355897117
lead_26ce2efee6acc3f9,0.010875277296740631
lead_28e0b5fcea273fd2,0.25493467471175574
lead_f4399597d00cd543,0.031630527678472194
lead_9f2282f5a08b263c,0.4931741123055316
lead_0fcf81662f12e696,0.26771170379691006
lead_583609fc7707dab4,0.11990695161667712
lead_3b98a65519f35d44,0.052727361127639455
lead_acca2c34cc988e10,0.6065736214565928
lead_63f2a95c26ca783d,0.9930581455735146
lead_0a35bcd91d0707ca,0.09547397569863926
lead_4f84923be54dc129,0.1519039051003927
lead_f92b6612ad6f64b0,0.2481641008786592
lead_84262162a83de102,0.06251499948290108
lead_dcdced375bc2ef7f,0.24436349929728893
lead_b05ec92702aa8b33,0.07023626568046587
lead_660215490d1e658c,0.15741208234741033
lead_a984ada8a14c8419,0.07903566476660856
lead_13994cb5aef78cb0,0.04148458547235
lead_de6216454c68f08c,0.05557997498207378
lead_276e1e792b8b6f21,0.3156777074351698
lead_db0c349e9fa98431,0.00209155372374086
lead_a5a30b9bf47dcdc1,0.8728513070521438
lead_fbd2410eefb58ba6,0.04555256152777
lead_92e4f9c395f67ec3,0.06828615655477524
lead_286178ec23f472fd,0.17086638921303227
lead_7ddaa285447e9e05,0.9952701054516696
lead_c8fc35858e231fa0,0.1590816516701202
lead_c0394147ee0904b6,0.07061705707880905
lead_def360e2211f1a7a,0.2012992643873723
lead_293b69a3acbb1980,0.07739713414783157
lead_11680b0b41c08404,0.01797900171100423
lead_321c1e171539f0e5,0.47700750758144506
lead_c7c5049a8e798dfe,0.6603243811853178
lead_5741809d50150a0a,0.09311915637390294
lead_ca5df61aa7cc8de1,0.15058712569061303
lead_38502f908e9e7c55,0.00036835070972254916
lead_99eb3b4367f68c6d,0.1477102336375744
lead_926aad7312dc82f0,0.11892283550403722
lead_9093aa848c1fc683,0.12901219421076723
lead_b81dc7b56354954c,0.30528785494820854
lead_3402cb93909dc476,0.5484312879746349
lead_0a1eaeb025115af4,0.09361544137978554
lead_0586923090cff4a5,0.09938574453494187
lead_f8e807e380d5305e,0.12303359804198637
lead_ca9c864b15cdaf83,0.34801429348348717
lead_9b677dfefe35fac3,0.07278393090051234
lead_a6333f9622888ef8,0.04514832636591407
lead_cd6608f93c9790d3,0.07588040474515642
lead_3824bf7a255bddc9,0.20798196172139324
lead_9b7a3b29eb2ffe17,0.18155630488223887
lead_3288df3fc9bc0f9d,0.8177104899042834
lead_18f0ef92f32ef018,0.03835409188919946
lead_7c17a4c138abdf83,0.1159526405952279
lead_368f71645bde5d9b,0.08838399988434985
lead_350ca4746f4193d5,0.03368746479522325
lead_1c91bfe12de8e06c,0.06881589669408718
lead_85a5f494827323a8,0.02185161245428421
lead_98fee4a7ac0562be,0.12333843969898665
lead_9e4c416c205e28fb,0.026774801829497853
lead_e6adde1fdb5b55c4,0.35114948904402227
lead_d8c73b66552a100d,0.04238777035108402
lead_3c47e58e59dbeb66,0.04917715564247431
lead_fa44efac971b3a7c,0.776682348026219
lead_8bca1f4063e8f046,0.5235321142772544
lead_27d7d4e6c2752de8,0.006546951003928185
lead_6d2677fd4a6cd057,0.29228847329457475
lead_95006c0d7b547cf3,0.14009777437043158
lead_29841956af428a7d,0.04425394490560177
lead_e26c7bbc5f84b924,0.9980229944485307
lead_c9db242309bfb685,0.004462248746076964
lead_87ae268dfa179aa2,0.07088563567088653
lead_4d2ec9a3a85de1fc,0.14873270551995607
lead_6ec8fe6198984146,0.4796286870075892
lead_36f3a4c22f83b606,0.18453098915411573
lead_64e03f7f8e3edce6,0.15348122056936064
lead_d452d4e9af1a8d36,0.24662933674666307
lead_4b834bc8180fd34a,0.07251029058237209
lead_5d165959ca38750d,0.5177155095153687
lead_fbc3cb88ce5babb7,0.1264032340816129
lead_bd36b441443c618f,0.05169548765314092
lead_fb3eedce9bcc2cbb,0.1421113159518027
lead_3415e698503bda36,0.08185146940065224
lead_d4f0937b1f59b6fe,0.01639120479378562
lead_8b7bdf5525971240,0.07496181774994345
lead_4b5090f30048c92e,0.09135353930821279
lead_8d88c74fd422e3ba,0.22441106312477752
lead_e59c017673a44c1d,0.3257759201472418
lead_fd3db363ea8d14f5,0.22393684950993836
lead_e2b665d629da4812,0.13463357166138404
lead_8b02c3173e1a5ae0,0.4649937606740754
lead_5f728aa415838ddf,0.13465096109993285
lead_948e581e2474cd3e,0.13219629188735071
lead_70a9b74845c3de37,0.0402851765327922
lead_a65f40ad75d08af5,0.11078445188759885
lead_342661005ca998b3,0.03273832147489013
lead_260098f4727c9b87,0.11765232887043334
lead_4d062aa1a145aa74,0.0382810612291764
lead_3d14f8978a3c0d0d,0.2838762370667524
lead_7a7d5e026c09182a,0.5164941246683554
lead_f48500e95b278876,0.09537885541257826
lead_00bb2406670b6c67,0.25913106899818134
lead_54a9987e2a8ef565,0.011531313376328754
lead_2c7c28f8a243dbd1,0.052137471117003314
lead_12f356b0994e5e77,0.2153203929929673
lead_2a959286903b5741,0.1961410848700939
lead_5ed995c62d54d3bf,0.06471679135437396
lead_66d932f92cdf6e34,0.12493333448489394
lead_88e32cffaf5bf600,0.15416939611510747
lead_2375eacf1bfbb035,0.006509081150405618
lead_19c1ff2bada70823,0.09082521151199512
lead_2f1c7a317283dc4e,0.12828782297046085
lead_85a9fe96d45afae6,0.0645572906993589
lead_800eefd5c6dee5e1,0.07624282912738257
lead_d7009f3d41b9ce44,0.26175531498436516
lead_60a289871c1a0de7,0.414334653043959
lead_2e0462013ecfe4ca,0.06366000191217618
lead_9f997d24976db281,0.4434933814780728
lead_580f879c3b207e67,0.5741667912302892
lead_b3f1a7d9398c0355,0.08644791628436506
lead_585290bd733acd44,0.07268958778433791
lead_eb9fdd1d1cb3c601,0.2058838767298986
lead_b30e6196fa7e9e3d,0.13667758911876546
lead_3a11d0463f538a37,0.5940073765416873
lead_26c4c0dc763860b4,0.13702607986325768
lead_b60b69601c6d7a31,0.07633846105510496
lead_5de1b7375e7244e3,0.35768711172546613
lead_dc849155129d310a,0.3023671870638833
lead_836abc766016eb8a,0.19437943939893573
lead_16b6cbbb09bfd4fe,0.027702444787026333
lead_08d695781d52413b,0.01766571795579552
lead_40c926f76b3d217e,0.8072453424066034
lead_b271d241b5a97817,0.2121101825915337
lead_8f40bf35c3eda353,0.313891806894182
lead_ecf99d51b68168e9,0.0031458661892069272
lead_6886ea8396fe6356,0.9967115524102663
lead_24bbfae15f2aaa41,0.5446739441534166
lead_220c83debc063118,0.037901365284273826
lead_c33c7eba001e10b1,0.30340370207476886
lead_136eca616814d0ce,0.09471011808280812
lead_5a53601c4e5222dc,0.09498792140719295
lead_fa7ded150bceeebb,0.04105850035964801
lead_3de7dc39f160d292,0.11475487105372527
lead_f3fd089a60ec58a9,0.1971264897982731
lead_5301d5e804679ba0,0.03601977661888162
lead_8900668822776db1,0.05477096431955787
lead_fbecc87dfbe32c2b,0.13312942954133566
lead_54a5b923436989c8,0.09069862330605975
lead_6e65d65714fc9ae8,0.09685653306058185
lead_745d153a9b7bbed8,0.10806260408642251
lead_fe0819ed1f175b6c,0.37099982512542307
lead_ccbd7ad65dde23ef,0.2311662766899142
lead_5afe0beff075ae7b,0.4682903612480949
lead_6535e063293bbf0d,0.12092489470800372
lead_398541d9e534872c,0.0669841577928352
lead_653a7cc8a64dce34,0.27767248654296267
lead_5b5799b3a71e2341,0.0202161028846504
lead_323dce26051d674b,0.12016497103673991
lead_111aeb88aea12389,0.11931626764271741
lead_2e1c5b2b09005770,0.23975181605465887
lead_eab07f2afd439171,0.3252467032634016
lead_778387980d9b706e,0.0010777625094150344
lead_843a8a5b5516d0fd,0.7759142588014915
lead_1646a3c5f534f8f1,0.08241562183738486
lead_29829689999fe661,0.0585876795920218
lead_71bfc6d9f12ec85c,0.0005288445538576666
lead_6556bbe986e58f8d,0.0147006883320805
lead_dfecd6bae9c8f231,0.09588026114198994
lead_823c1d171fdd88de,0.08572222491220897
lead_5405f4423bf77fe9,0.20468383432155446
lead_4398fd2031a67c5b,0.1587763225990089
lead_6b2cf31b5a2cee3b,0.011029104983789489
lead_a0c82ae82a20918d,0.025976218730089703
lead_88854ecf898faaee,0.22080030225542388
lead_3e4370232a114214,0.11938210940041179
lead_09c4a9e825c548e9,0.052102096164675274
lead_2253a17071d67185,0.06925937571424512
lead_5caa578870a19d91,0.185150772874418
lead_d50c55b3aa31045d,0.11979375116281922
lead_f60ccbafeab0cd1f,0.12440151154914211
lead_a43a60cac62d7d63,0.10822693238593226
lead_68ac1044e9456cd8,0.28720804925267
lead_cba01c4b05dca86d,0.12276217467173928
lead_2b3df2e68753bcf6,0.07118050410329767
lead_e7433c16649e417e,0.07022851475034587
lead_edfc5e807a07be6b,0.40758831547782076
lead_3a569c7bcead3d32,0.897794073893711
lead_4d66dbfe6fbe61d8,0.18503007786263076
lead_981ec5085d6ac39f,0.07095935393912675
lead_97ec7a180bd8ff7e,0.3095703593442246
lead_d9f23c3c2b9c5d00,0.08225244574037982
lead_38b276b164b8c60a,0.14653489153659457
lead_0d22d955aef6f597,0.11371529553205463
lead_072495f7c5b9f2c2,0.06201745250658206
lead_203cf81a4d389cd8,0.0680629819618402
lead_e16f3702bb0cca91,0.08140730511139624
lead_943dae6b864b709f,0.1041002507314392
lead_a82912ba879eaf70,0.7142552552898334
lead_d31d61ffc5d3aa8c,0.20498381584736702
lead_bb996feda00fe14d,0.09943866227593033
lead_36fe445d8b7ffc4e,0.06697863380423788
lead_b104ffcbd72cfed5,0.2905847005417426
lead_0f5034a508f7485d,0.9713973534810709
lead_371eb3f3adf7b2ba,0.180012075446858
lead_5e40160d286c0850,0.046588200583750156
lead_375a6304ff4047bb,0.5984660060141229
lead_b20294c00acebf68,0.9847531374494819
lead_81380806dc90d87c,0.8798306365617307
lead_5aaa9df9feddfe0b,0.1199660463970565
lead_6c75658ec99f7d50,0.031947895828774046
lead_9301c1cce59ede61,0.10965335961457305
lead_c552ac908c94f5dc,0.1848868544042981
lead_0ba37a61573e7413,0.029426285445889672
lead_e35f126493ab1333,0.10359339719875627
lead_18310cbed34b5a60,0.3326363637034693
lead_e756406ae334c0dc,0.275321010527339
lead_3714b5930638aee1,0.06920913598553113
lead_16040932bce85f4f,0.47941619672522967
lead_a6a18ca9e66247ac,0.18753165232745322
lead_28ef28f3731171cd,0.9242834942215519
lead_24a72efe04bdae56,0.5260838174678311
lead_17a2bf7b3ac56b8b,0.5536909025218228
lead_7bea9e667a5127b2,0.07832317692043385
lead_25c6d0c265f1960f,0.5106203563712076
lead_9ac6e74d6abc6d25,0.10956254602278878
lead_7e2f02d7f6f3e1fe,0.06517065983067241
lead_393b559c7caf3c0b,0.997683544308611
lead_3fbbce0a56ce7f13,0.018742001297985807
lead_06476de19fd4c666,0.05415472509058806
lead_002da60586f01890,0.09817388559641184
lead_aaf687a09bf223bc,0.07106657266252293
lead_601b39d45ae6a090,0.07296158666565633
lead_bb34771926eba75f,0.06452560421322939
lead_2e9e6ed9e98cd3e9,0.19215017815262622
lead_a1e0c1264dc6be52,0.07233290937727221
lead_f28a2f9839c3f697,0.04668800797827761
lead_d15a8b722c2657bc,0.12420868355411292
lead_e6aa4d35a4553159,0.03877712820637755
lead_c0d0ff0d38a3bd9e,0.05387171113022988
lead_c1f90dcc28ef15f6,0.10504175478225791
lead_c25f67e7ad6d7f84,0.8209690508705834
lead_c3b8882e17a92f0d,0.5099277935763743
lead_bb7e4a714c7388ba,0.7897384343141596
lead_1a2e123a31fbbfe3,0.03521390714094682
lead_3303ab21cc103835,0.12267703555756276
lead_e80863738e33881e,0.27172806752264966
lead_94e8b3958dca0eaf,0.1500746982576163
lead_4ac75d07601dedd7,0.07841459945701933
lead_890b00e422ec5b9a,0.0809593849472763
lead_69ed8b6fe8b4b515,0.06443581887379375
lead_2f7ffb87530a2588,0.3056024180092332
lead_c728bf1b6b588904,0.07953526135187254
lead_852bfac8bdade7ce,0.20474262463025455
lead_88d548675243837b,0.19861220529852927
lead_55ae3e6f3384edb4,0.7284808111056555
lead_f8e2a044e48d3f60,0.045560472095953604
lead_e18f395793701bdd,0.11294740091484058
lead_574ed42bb817028c,0.0005951662184439553
lead_b2d7dc2cc56ead38,0.10048239213371207
lead_d239b2f851e80876,0.02486761243327924
lead_a44dc99359311228,0.07327603267201561
lead_6bb63fd465f244a3,0.3995319289101789
lead_f6648686fb169a34,0.034338999412925314
lead_e5ded7126e1a9bbc,0.06585235427928073
lead_7c3a11816d90416b,0.1623784254602161
lead_ab0dcc3abeb2d303,0.041004309514259686
lead_29c5b3f3a48939de,0.026083023289873376
lead_5246e16892d7fda1,0.13673717947436378
lead_a66059e1312da472,0.23948946816543296
lead_e4a4530b159a0ae4,0.010151572702531551
lead_89dbc5543432e682,0.9886091125089709
lead_e4f6ba832cb73113,0.32449338722314824
lead_9c201400a15badd8,0.06824267924338744
lead_2e923dabfae06a17,0.04247657107477412
lead_2484d06c4fa2672b,0.16787939742855393
lead_c0f4e888f49dd1fc,0.011652239293324268
lead_f7ec97f27f63503e,0.1071214228967745
lead_4599f639ee28cdfb,0.5295832717197829
lead_68e871dfff2566ea,0.9968664515202721
lead_a0cd56f4de6d08e3,0.34050026705437075
lead_e90a8ce489497d07,0.09079661379237607
lead_c21241d401af61f7,0.5382546638141176
lead_abfd572de917a1dc,0.07936332783848735
lead_1fc4a12232aa17a0,0.04204274229656784
lead_90b36201df8c9da7,0.08527702811298715
lead_91ea81fe0bb5bb47,0.38475729575760304
lead_941fde4cc7f80ba0,0.030424918233337282
lead_49a7063e1b163012,0.18458753736949654
lead_ee9f74ebdc177a12,0.11527690461857056
lead_31b602a08f348e82,0.2302298267195509
lead_55b0b1e6d211a626,0.6171915698017422
lead_fa08272dad75ef94,0.06263299741612022
lead_0c5860e06544250f,0.09890766924916523
lead_6acff9c7e7bd27c3,0.08491694380814135
lead_c549f69067a4d89c,0.5268884515570107
lead_b915ba15266b8609,0.07125071526189278
lead_0db5444e9153ac6a,0.5490487996643784
lead_6337cb96200a17e7,0.012038347283725465
lead_0b8a053a182248cb,0.16864707786647767
lead_c23c97d4c87a8ac3,0.08811741381654527
lead_befa51195faa5766,0.07865678288175361
lead_ae8ddeaf38069e5b,0.12363219418287233
lead_718e1f64fe97b6a4,0.23749430096358493
lead_a19417c7036b3993,0.2676259062819734
lead_a837b1a94d362d92,0.15722041302041084
lead_b30eea00922c6bed,0.000251580333479749
lead_4c66e9678dde9aa0,0.2666125952161845
lead_a95a42708bc4bdb4,0.19645240731221222
lead_4e92417ac2bfaf1f,0.9987814533159033
lead_38cb0e62df93ab44,0.09160087784587449
lead_15eb301aaf6a8c30,0.06532514009979994
lead_82f44a968078b823,0.20822253113446487
lead_ad8d69c2fbcbaaae,0.18735110996413065
lead_f4daee0f2b4b6de2,0.09051541974127751
lead_9c5748c57b9bd167,0.015376690147208842
lead_5dc7d1ab09d544d5,0.05987214860960249
lead_0b4c52d9152bccf6,0.07478196560249134
lead_7992b45d8f8af496,0.14481596596861016
lead_5e8d5caf16a83179,0.2080464501279474
lead_67a507d279d9206b,0.01433260225750845
lead_e02e261f86848e31,0.6067426644606129
lead_98e95ee443ac8f26,0.06594728396620592
lead_df8a76553dcfe562,0.01489865661411843
lead_1416f39b45f03391,0.13319512251078375
lead_69b4b95588e5fd6f,0.31020921524600803
lead_7867421f41b830f8,0.5837281505772446
lead_ad65db6b7f8ae69b,0.17346175942247968
lead_eb0712b4155f6b76,0.262673439982691
lead_77565f977e46fead,0.18188640465556435
lead_cdb53489253eaa77,0.38557428789165776
lead_052d3752122714c0,0.5715142547294882
lead_41dce30c841a420a,0.016852554144745437
lead_d9e10752368f8783,0.36788989379781933
lead_b516090e997429e3,0.06451462914357786
lead_c9e0d536a83db350,0.3340137730631519
lead_c41cdb923869eebd,0.03777755433295161
lead_03f4dca2bb1be723,0.06911778146461853
lead_706b3a4298bf2dec,0.0633769570870223
lead_38242dcd0574ce20,0.13689043175381313
lead_b65112e8370d69aa,0.056999774580733874
lead_a81f7801b0d99923,0.7910117594962307
lead_2ebae7f7435fee9e,0.008320689819538818
lead_1d3fc243789dfb46,0.20403151027708402
lead_4b5023e434e04f74,0.21320140664832785
lead_85e19c63e6258d10,0.1827620792811238
lead_bfbaacfd64452f21,0.002979684912327947
lead_4d69eb7c680b9df9,0.5290756756973559
lead_427245a532e3244b,0.09930405110966355
lead_7fa1618f087e3282,0.2397964097287032
lead_ae7c35f048500518,0.07442778173925212
lead_72d74807cbe4b1e7,0.24253982761626663
lead_b698d5bf6ef9cfcf,0.1168920582610377
lead_4a25c38946e26c32,0.05538429758806831
lead_21040f00936678ea,0.09582278488324748
lead_e07eedc481d62500,0.23560117920858925
lead_160649864538293f,0.052374021095895076
lead_3fb9f8c1ff530a45,0.3064683432519249
lead_b158ac1615cee07c,0.11854285931956507
lead_ec26f1cd25a9c99e,0.0653745385774127
lead_b15b41853fdbf01f,0.0864017277202959
lead_9688c7f8eb76a853,0.014502673510403739
lead_e5d25dc01c639bec,0.1643838282916047
lead_37052d4e44b6f6b0,0.0024098718728056637
lead_fd95b44e87cfde9a,0.01679003998496625
lead_063c600fb9890b07,0.049593860184064205
lead_ac60965c4deaf6a1,0.2629010983239788
lead_32cf3d8cd0c8f0a3,0.3580009198750899
lead_34ea1335564dde30,0.06028701249938501
lead_271a2113fa203314,0.14802763557954524
lead_c8c7341965cd4c2d,0.16745621158058357
lead_0a4f8a1171fd0393,0.2758123235255178
lead_c11657bd56061682,0.45177019889761577
lead_654f5aabb73bf350,0.12070091191731093
lead_43bafd92ede66f5c,0.003236701705432054
lead_a764945c4198db73,0.06489453877635565
lead_e608a49e72fa2612,0.997756313542513
lead_7902d74ea5c348e9,0.05748240471514662
lead_cf14e74b6bf12d80,0.5344630726156769
lead_3e048f907f114350,0.14201328641548286
lead_e150f2eea849e541,0.015594266715010227
lead_dc38fcf01ea63380,0.08538665849386866
lead_61eae70b25e4cb8c,0.05522531367969622
lead_6dbbdcf102e66ff9,0.6378391825595091
lead_de9b4d9e7d650c2d,0.993571360815342
lead_fb11c82feb160190,0.1728573080045494
lead_8c04a4e3d65c00ce,0.02931040366891893
lead_76d07c24945cd7cb,0.05819283868757986
lead_d1f6671ae95f39aa,0.2586662156342941
lead_9f73c0ed24b0402a,0.20318845778912195
lead_6e0bb22374dd3c7f,0.04282301667875584
lead_8db5c92d0ae1a8ae,0.1643373556860219
lead_620ef0cd4a124a33,0.07469268772002315
lead_a0bb960192b209a8,0.08268569803194169
lead_efdeabadcb73c0c8,0.9981599241428639
lead_ff0649926900edc5,0.15399693848834325
lead_3d910d321126cc8a,0.05464178828923906
lead_df4ee1aacb4d7729,0.01951590396218247
lead_9132d56b74cbad31,0.004486010299563958
lead_78c47b1e3ab74745,0.09686219318927632
lead_8d8c63ca8f47f203,0.5688257942647486
lead_0da564ebf49087a9,0.11271438368606283
lead_23cbe1defc29e61e,0.09615349167036051
lead_d023bbc103ab86d0,0.001468505477162958
lead_20e6bd39eb342e2c,0.1250241936779109
lead_d54735a492a0f40e,0.12256470314550535
lead_0ee2ccd0573f1349,0.9963025319841581
lead_7667e97239f79088,0.3851215310730306
lead_104feb0dba49d69e,0.0021166016251240776
lead_9169f7b0c5a298b2,0.016940108584439357
lead_4a9b0e10fdd8dd59,0.0804358442946959
lead_a47efada0a353a45,0.2000423863200495
lead_a8a753fffaa78d1b,0.10356967924507335
lead_bf0e908643705aea,0.17208500170758756
lead_dd2c64e523280e9c,0.003102467414041224
lead_1e37c22578ac05a1,0.19363503487320077
lead_46f108e9e6a9c5c6,0.4796274498136228
lead_cf4581a30e7c0844,0.004703937564477332
lead_ac6d53afb5315228,0.09514764872069868
lead_6992cd4d40305c2f,0.4667134616579615
lead_b520e1d0602b168a,0.14658532190355125
lead_572ef4ace66cb06c,0.11711724827772384
lead_e62d937d38e5d534,0.23865055896660112
lead_109e91048c4df4c7,0.4219053225076244
lead_c9eeed3b47cd5020,0.0984422738726302
lead_8f516f0e89b92e79,0.09562582114925157
lead_b6fbdd8adc09121d,0.03637563399216225
lead_24382750e149a531,0.2249985964218648
lead_20b9fb77b6b27cf2,0.19983029696593693
lead_f637cde735fe79ce,0.1641778762558826
lead_258a0826a62bb29b,0.11567691060314157
lead_2ca872f98741c345,0.7973246245030713
lead_613d1967345627a2,0.04841592549689187
lead_179ae08d3d9f6aec,0.14692912887211082
lead_0392fbad417f9833,0.05828431858303267
lead_17dc8b22a7f962ff,0.18578638977605993
lead_fb42df52419303a1,0.98778105980153
lead_83c410feacf79ea9,0.0047094850377695455
lead_7c9756542b17173e,0.41422706048527763
lead_2137ffd6b843ff94,0.5263189909762618
lead_605fdbc0540f4e5e,0.145768910153454
lead_89ee6e4e9dc009cd,0.13957990937646755
lead_38e46860434a6908,0.13379043566254217
lead_fa9a7f285ed66591,0.21595890926626296
lead_e9786cd03c40ba11,0.22995287774712944
lead_09f0856570099cf7,0.07669516291292709
lead_a33162592f53dc67,0.1292779578238294
lead_35f4466b53ce2b5c,0.9975474492989809
lead_f4374a65d57e6d5e,0.06610788499193736
lead_2af96dad76971a5c,0.06738527320614733
lead_b0810f6c8271b9ab,0.30837998501315916
lead_229e6a713109a1a3,0.017357096717246893
lead_3650c3c052d8ba49,0.08120733093650008
lead_85cd173c5534f0fe,0.031529218486975
lead_9588d9f201e4a1a2,0.2810392917909211
lead_1b8f3ec947a24d10,0.04655821329509368
lead_4739932343a7b9b5,0.11973689424841473
lead_45531f4569766192,0.14260826434318044
lead_ff0c76d1e9850b6d,0.26969140849684436
lead_5f8e00f51cae90ed,0.007876609106313368
lead_cf725b749821b34d,0.062417360443092026
lead_ea222b89d4081edc,0.1247859228279174
lead_47244a2de1b90336,0.04057988110948905
lead_ee8b1e5249a5c97d,0.4853062369069945
lead_67b1777fa498e283,0.1586768708490492
lead_f9efa5904b1e1990,0.1743821583547363
lead_d2b3e11484def6f5,0.18816442418885854
lead_790865b6c05b4178,0.9961877343555635
lead_90379d733e211513,0.15836015186244093
lead_966c528e2e44997e,0.09619706887303689
lead_fe681dc6dcf9361e,0.20272764204334978
lead_fe91c36cbca97744,0.07697749607153144
lead_389d09bf38e809b8,0.15416195400412214
lead_9b1503277f11bf6e,0.04082811109599691
lead_9febd0a0207e5fc1,0.017540423625095922
lead_1a8e47bfee25492b,0.09473249395936463
lead_be6bed20da1f5cc2,0.05704398308030709
lead_b1d940fe7bce9279,0.09385652317982991
lead_e1f16006d5067b2d,0.5278909999657782
lead_844a55e5341b2852,0.5798019583205578
lead_fb3122ba63fa8681,0.37276483816025363
lead_89afa33199b2d484,0.21884434721397084
lead_369a62fb696a81d8,0.4708317913318586
lead_e37c2ca183ee128a,0.0008815944177216189
lead_4f1fb6a1c755b57b,0.007778864350093335
lead_315e36acc2efb400,0.09836810437790863
lead_43509334efa8b1c9,0.03786113955780301
lead_51e1ff8c7f1a4b7d,0.11254820374791023
lead_8c485a8d0b73de83,0.9964989676040462
lead_61fb105876e8b98e,0.09253443664446923
lead_0601de453c7bde6b,0.11032777796962058
lead_77fcdb8f94c099eb,0.21180096072242388
lead_6cda8b70276df469,0.400688325784387
lead_7fc6bf77f7f77a4e,0.14688580340508386
lead_38ba5ef056d974a6,0.35038209343752036
lead_5d6f62db1200ed44,0.0847462954447492
lead_aa2b2d81e854e324,0.12842785722337927
lead_32f6656ba937fe52,0.04837929988995368
lead_13fe930abb3a2c68,0.0443070794835883
lead_b27dfcd28e2141d5,0.13302505618770308
lead_8c3a018ba939c4d1,0.008501746440492714
lead_b584ab5df7932595,0.17396715068751983
lead_fcf6b0800d8aed4e,0.04328915363323586
lead_b7925542909f5ab5,0.016645324892233963
lead_8d34cea92840aae5,0.0606423462520305
lead_d6c88fb5ef6f20c0,0.017403242194508162
lead_80e9245d98086250,0.022260399261541396
lead_55c3977a9a87fd34,0.23123243630978488
lead_6c52a00298e07ea2,0.08492728504276034
lead_3f536f0bd04e9f91,0.013314571002195996
lead_25a2f5b8c3d4b1af,0.171816775030271
lead_1a38128a71ec16d9,0.11769851059078333
lead_3d923d4c3fd1bb8c,0.048782752372676826
lead_11112b8318c61ab5,0.1732214903451625
lead_497eead85abbc4d5,0.10020964168040809
lead_dcecfb182e1a93b6,0.3652066067203551
lead_c009e7b1ed063254,0.21045744438473588
lead_918b121711cdae5a,0.09566740227874172
lead_cc6e08a7479a32b7,0.09547273923572941
lead_46939acf378ddac0,0.0004073796133181157
lead_bcc4b308a301b5c8,0.01773722690318847
lead_f2fd983d60d83190,0.12744450780630848
lead_70f36f555e7dcf0b,0.19619938609173268
lead_1a990addcf5cdc42,0.16273720531201388
lead_889a4c6ac1d45428,0.10770242933612893
lead_b04120f3bae21ab1,0.04128042875917449
lead_fcf6f80a7ba7cb78,0.10455860237213634
lead_42b80bd171b30a6a,0.8476120837171061
lead_f3cb1d9356d2ddc1,0.11031616234449439
lead_a755d3f99a919cc3,0.11498729923630166
lead_2edb369c9df473ad,0.05326646446038587
lead_ddbe77a058dbe318,0.5563275542812482
lead_c620a44d1dc4a18c,0.11581980763537146
lead_f1c46423883bde37,0.09528983303925785
lead_9adf5343e7a74fc0,0.1421423683488406
lead_b9a193555f247afb,0.024958532481453053
lead_eed1c5bb31db8664,0.9887875668655346
lead_08552349fdc1b9c2,0.11234568071296641
lead_73bc1077044d6c65,0.09081030240769986
lead_0598c10bbd6e9b82,0.06620401936341964
lead_39e36101b531f07d,0.04286693548116571
lead_5aa3cec21b6b572c,0.31204630337364153
lead_6368d1bc1260bd6c,0.09435424477066567
lead_e044b3ee0111acce,0.26319320250604145
lead_b1ce814326c42628,0.048757518805600135
lead_89f1114618794345,0.03348625472322514
lead_c0f5cc113ce0a03a,0.07181912036043711
lead_6dd068bc6246c8be,0.412085308267984
lead_c16ee99a892d92c1,0.010182649703294471
lead_3c7d8f8cc19bb09d,0.01629754012633547
lead_aaf480dd3e0edda8,0.1867949605396568
lead_2b45638f44ed80f6,0.29652492305950556
lead_c232376c2e4a7e67,0.9946729183792997
lead_b0dc83e95053321b,0.09355836785577225
lead_730487650da045c2,0.2838377070135674
lead_20ed028f5d15bc6a,0.08242714573732418
lead_dc5e77bfd0ba50d1,0.09775391996276968
lead_2ee616492ab683d8,0.14728208618026958
lead_4a80e39a7c26ed29,0.01398444413563558
lead_a98cc7d3eeb1cb14,0.10475744309010314
lead_67e388976c3939d1,0.05359796790479501
lead_f330621fccf99d2d,0.05131657923691849
lead_99a28b6761054609,0.03558728070229086
lead_3ef04fb30c4c5a92,0.12640412351311214
lead_420831331ac9a5a6,0.091438714057912
lead_7114a80a83db0538,0.16113845389841888
lead_95da226234de26bc,0.30023337271450806
lead_f6b10c7839d42875,0.07094959973113442
lead_e1e8a28e29b8db31,0.19961396198569878
lead_23786ecf4bb9e10a,0.6387789583897406
lead_c2bfb52a42b51adc,0.047295716750054895
lead_eccb9ee698cd1286,0.18490634127035324
lead_1c694242a648ba3f,0.0019134982887254637
lead_9747967b2072e4c6,0.10353402009143603
lead_a0eee92714fc22a6,0.5482180483115405
lead_5d79eab2e88755dd,0.08289971323343336
lead_7a2f9871b6f0665f,0.06344996722827863
lead_afb2288f7827a1a0,0.31229363408586724
lead_535a4d30e0ce57cf,0.02597943021589967
lead_5bd638a8dd41a10c,0.1949643685083574
lead_ed21e59f07937b8f,0.06328265318440246
lead_0bf58260cb24b869,0.5980623508069531
lead_711ef54b0ad58bc6,0.34587945679241355
lead_61970f8a71105603,0.15009404179247626
lead_fb61fbec1a9e5720,0.010129010961796707
lead_0f9481bd3b7ef08a,0.02890929680393963
lead_9d8ff254190203bb,0.11563363888557612
lead_be45d472b0f0dbb8,0.0012286712362992894
lead_0f1a406229b0af55,0.03317544174280513
lead_f529380e9d17b0e4,0.1633812067701201
lead_8cfe5dcad6615cab,0.9599985325496133
lead_b84b7a218d94381d,0.9964987426734153
lead_cefd25e4a1b88eb9,0.0003605476048016489
lead_5b6835ee999a4a27,0.07986221351814816
lead_6be5083df148799d,0.8225402568076539
lead_c763e6c48aee26dc,0.019412273814002404
lead_18ea7d139a09b1cf,0.9435153301873276
lead_9dd0b3afbe4930c2,0.0008160168888072639
lead_3a9bf6a798bf51ec,0.1781464673469281
lead_be2247b6cf3608d4,0.45461703923089075
lead_b187dab10bbca8a8,0.1821839255450199
lead_3420f8266dd61ac8,0.15318330019543167
lead_0a77c9d3db23734c,0.34734595915624705
lead_4395eebcf3be39e0,0.09475359859902031
lead_4ae391eb7c531b48,0.9972781312365508
lead_3f0a35ac51757579,0.02369596028144999
lead_4602f40399adb4eb,0.005237338308417249
lead_88d876a8e87f0f90,0.05018792682317301
lead_80dd91de28f16d5d,0.07041777049853903
lead_a5ffa8f9ac07f9ec,0.561555010050442
lead_642424a5e9429f77,0.45385406177349163
lead_731b5bb24bd662df,0.036817780396484874
lead_9e627bf0a71ffc9f,0.23963178896026882
lead_100b0c0d2551098e,0.07130861457311244
lead_50ce5e48a866de66,0.1441960720027501
lead_4f56630bd611258a,0.5626975727971585
lead_896e36c7f00ac52b,0.21764114350369831
lead_e0304d41d0ab72f7,0.07347351867111379
lead_ea33145ce8518b87,0.16452247111125218
lead_52a57a0be9797b0f,0.6402707790955241
lead_2fbd0bbc6e0f0b21,0.015458694831934676
lead_a6aa53ffe4c78a9f,0.10381918274720428
lead_77dd7edfc33ee4af,0.12100805990223444
lead_b30dd937fbd08aee,0.5261454470146817
lead_430e1698c08deb74,0.010096562248801053
lead_5504f2469d3a406d,0.09364820517058746
lead_fd656a3684f0c8f0,0.19566962463000112
lead_0928af86a646ffe8,0.23903365585905553
lead_d3dd3c0e97ed2d15,0.19692208189763266
lead_7448f3d9cac0bd7d,0.7997917431706647
lead_9a1b6ee8b0b7d813,0.05393340003673614
lead_76016252ef220be7,0.236807667847216
lead_300750832a14d9bc,0.08616697351115866
lead_c33f6f935950208d,0.11402500091776843
lead_53c493e81ceebf5d,0.0949496927828994
lead_d826ba5869e65bd7,0.26182938695761504
lead_132fda2670beec5c,0.004953911880368587
lead_c6e4da96c5893169,0.08207091835717126
lead_cf9e870d8a7dbcaf,0.12379683320068517
lead_7537a26d4018f290,0.01743410872371221
lead_e357359862f5419c,0.010535997476993193
lead_547c19dc780116f5,0.0013317909679145508
lead_bf3fb3d9891af939,0.13562665590801312
lead_91fc18d6877ee01e,0.0051610670909903265
lead_6142336f1e89592d,0.7999690251447238
lead_b7fc8703b17f735b,0.21491176632101414
lead_53e1cf4c4c4eec58,0.008477675044133352
lead_d5b282ee45be2639,0.17149509287580708
lead_7b875e8285f4fe09,0.3152127652119916
lead_d1af5c459eefe489,0.06490255467667722
lead_189e072d279cdcdd,0.0637773606878753
lead_05965e85e15856ff,0.08942417426744147
lead_5790aa26a4d9a854,0.18927943109624312
lead_ac6eda9cbcff1090,0.1499148760575783
lead_c31def7370aec0e4,0.8870726926760776
lead_8222726009799585,0.0071132317981590365
lead_3250b958596b37d1,0.0686819567015585
lead_d9ac5900f3068210,0.2330156594816005
lead_8aea4b818d7e49f1,0.08180801136327048
lead_377a9c7726e35573,0.005301310981197244
lead_4dc456f2f40000e2,0.06099357813068051
lead_d56aa97d726c428f,0.3885548906193933
lead_05992c6848eaea8d,0.6598352210907387
lead_ca6ecbcf2691d87b,0.08994289570801914
lead_b42aa5a6d175750b,0.1502712018673373
lead_d119247b374bddc4,0.07176118512843918
lead_9c906ff670e23228,0.12383516412286692
lead_49b0545e9dff652e,0.31475642467266
lead_e5390187003f6768,0.012014785112382735
lead_93e74a4bb79a7314,0.034231123761827145
lead_a5264edd8bfaaf14,0.5213432922795208
lead_03c9f6e482b1ac73,0.32264003594181134
lead_e0e2644d82f2e52b,0.000557952733761027
lead_41e2ec84357dede6,0.06033201205523394
lead_15a1695a573e9aa8,0.06456878586495372
lead_352d7396ca2e89a1,0.1366301157372573
lead_56e7c6dd8cf9acfc,0.9817158803434509
lead_348dbaf249e4c76c,0.42642020257166996
lead_e81a2869e6446f0e,0.12310185669585742
lead_1dafc143809d8d8b,0.2868065476911263
lead_be8440c6367f59f9,0.0054192278905039965
lead_7aa03c8dae9828fa,0.005832241603219698
lead_aed080af23c12862,0.046617751138927896
lead_552a435c3b025aa3,0.09201784752350382
lead_4082021745eeae9c,0.016555440364562933
lead_2258b35e3cb5f555,0.9949625228606916
lead_9519d012fb756e35,0.052122688527840924
lead_57dfbefe36976107,0.04809982624988097
lead_e89cb2d5e32d4043,0.09356652670285463
lead_1769b8d686725006,0.059398005625797876
lead_9a967f1ce6318b00,0.12753896761349648
lead_1a6c10def98a7bcf,0.9769246623860637
lead_00a6c30b45ae0dad,0.06913518741881215
lead_fc179806564d8628,0.29282911131397577
lead_04cbe20cfc447560,0.2007862543401664
lead_c3b82a72c979f3cc,0.1825303555639773
lead_9a70cd051f72f060,0.011015904016684482
lead_92bf7e4625525d34,0.908387846252634
lead_58183f6bdec5e183,0.08000646050769451
lead_5b7616b5a0483fff,0.005400913307176345
lead_4931970fbee0c867,0.3196708311679115
lead_8892a868c3f5c57b,0.0021258098886524092
lead_92008b5e53af99e8,0.06522987713328098
lead_bd15cc21d874228c,0.9913709645338059
lead_e83cc4fafbaf2643,0.16658720610050284
lead_f3cb3b12227b7707,0.043800959078223296
lead_43b057b622b042af,0.18231903891043347
lead_6bf26c1dcdd7ae2e,0.12129735617747726
lead_f5caf1963e095783,0.0627560893924399
lead_98c8eabfc71eff87,0.1427618054957716
lead_c76af0d1d678f4a6,0.1143676123024448
lead_6951960dc24e3677,0.2822427738883212
lead_94e2aa05bdf66094,0.12922378794540657
lead_3c31277b4cf10061,0.13869114021981102
lead_9d31b517f14768f0,0.30211018570879394
lead_085d35318d2442d6,0.08104983581548954
lead_9f0c8cce0ee11839,0.26110583651959507
lead_56405cfec879a40a,0.8539641132448226
lead_255b97911496ed38,0.008231840547335645
lead_e7f2517322acc570,0.07488266899483098
lead_86501f6a9a1be8b6,0.15328987281752562
lead_77dd57fee49f4e18,0.07011752134132164
lead_ac41917d6c8eed20,0.07714878358957263
lead_6058ecfbf92bd050,0.04119153148535816
lead_f7339b939fda77d4,0.0013447995711215759
lead_e1099532dca26ae9,0.09437783026691703
lead_87c79540f6e4a458,0.044279438735928864
lead_e7448ad49eae904e,0.082067564450404
lead_4b9578ed7344d6d0,0.005922326631736263
lead_e50327570e870e10,0.82857105924214
lead_a2d526b8fae96126,0.011737676355576258
lead_00d7aece04fca442,0.6369051738567889
lead_354077fea0d02e99,0.03478270284141392
lead_c2792e5297cd6e36,0.023590912221250277
lead_ca7a9f05d88b1c40,0.06035004748358658
lead_edebbb6a09f32923,0.915985161675974
lead_949b1f6461f4305b,0.2310145591564918
lead_824b0d9bad9b2172,0.09770313641524866
lead_c4983f9c36a95fe8,0.08060059975906216
lead_9b77c7ca42d51e36,0.34392207308251893
lead_e5117ed76e6311a6,0.261598152433061
lead_32531708d9659225,0.29795729089744316
lead_3d352f1334328765,0.2698091759133411
lead_1301f90f23040b05,0.1305843297983237
lead_ebcaf206597f2def,0.2425563047641263
lead_dc11299e4d1b90a4,0.035185005033361354
lead_932232e04aa95d32,0.08164512755751702
lead_1f28994816335004,0.11783287726421125
lead_a594871911992715,0.1274367366485128
lead_7471e3923cd194d6,0.08186826275571293
lead_215d2fc00b0ea6d5,0.30546913276258086
lead_93bad040d411dee4,0.09200150875387762
lead_6f3de6e1150c4cdf,0.09775889462150572
lead_46e9dcffaed9ed35,0.2641745174477003
lead_43119f40adc6450c,0.2697120458340705
lead_faffcc7851e1f5f9,0.11398840392715809
lead_10e5bd992b6cbfa9,0.17168407908949337
lead_e5931327c0ab4782,0.25567374330209497
lead_57d4a8b96995bfce,0.04172682796495734
lead_547b7c287878b6ff,0.722628779411999
lead_9be8bc95dc8fd936,0.000298551615116256
lead_40ced37192a932f4,0.10047306801947439
lead_62345f2c859104c0,0.22411670130817907
lead_a293b22b54721db3,0.15592632242655288
lead_f780785ff5338009,0.9986949727985093
lead_7d19b1185c2db046,0.9988006776004459
lead_8a776392cd235c0b,0.002244420873139678
lead_f8fa2eff80d2d200,0.2037437097432831
lead_87c6aeedbd4f9331,0.40817857988869183
lead_f113f99b68e3484b,0.9959023146881658
lead_011193767e04792e,0.054884538261757036
lead_1cc9cc1eb7042234,0.6342034743387762
lead_0ef0c591cfcd40c9,0.13667345822444993
lead_670c55192190566e,0.15844743255638477
lead_4786105e570447bb,0.0693147324250903
lead_3a7f009101b7c67d,0.00020342358503602542
lead_501d4f57f966fe14,0.3446710088924664
lead_37af882250e25a0c,0.35884879753292576
lead_951e00b5b8476473,0.13169423427764526
lead_a34457a77c743105,0.06519089764699303
lead_78b9b177d6a2d653,0.11254038464782805
lead_a060abea27cbe037,0.10057498280291712
lead_be155c26c4827510,0.1392827852075862
lead_ebd7bd9dd369d37b,0.1299974014461362
lead_ed0b6104303edb8c,0.06376758513683288
lead_e48fe5b242830f77,0.09454213314726369
lead_2f874eb94fd03d9d,0.0013093539564846448
lead_124d23769c9271cb,0.0006501783988483412
lead_44fb719420f5b92e,0.3411130272350452
lead_bf271e9a7b87cec9,0.10378129954510862
lead_54ad0dd92156ba72,0.016497740702927307
lead_5f6334acc7282069,0.07620920816402565
lead_b49212f730f4458b,0.10476498619290574
lead_51e8fbcf6f92aebd,0.2044200357664768
lead_f4f729bd5355b61a,0.0021941464890184747
lead_543d307f977a6d6a,0.233387266221522
lead_261f2188b5d33039,0.217500506664849
lead_ff42d773df40b16c,0.20795739883558578
lead_4a9830ae48c5af26,0.0907714543236728
lead_088fc43f2eefcfdb,0.032131744677716824
lead_eaa15a1845755751,0.21859319334106586
lead_764caeee4389a254,0.3102251983971975
lead_708778c1c37a8ced,0.07291095459127608
lead_3f0ebae2e974b87f,0.1769139737719237
lead_ddf971803ad8b040,0.10624611018570888
lead_74b31d5f2ab9c03f,0.06973631943880325
lead_bf95f88bb53a8326,0.36369426565569074
lead_1ce8092183c1cd9c,0.3514368213711241
lead_1eab99aaec56382d,0.16242735516915288
lead_6351159e08e7f278,0.09180742109504636
lead_871da36bcf27280e,0.059602354542293214
lead_1ff80a0efbc8c460,0.181270647984483
lead_06d36d769c347d07,0.620807284702369
lead_ef3270050c40f50e,0.046033693855909316
lead_ecf18e278980cdb5,0.3756905245039378
lead_4990c6cf89db1279,0.6939157478372542
lead_21ed491bd6d85837,0.32664311101818777
lead_eae9796d4460ab19,0.21501354254871313
lead_1c73ca165f21320b,0.981694141537871
lead_f842f2578e510278,0.7626861565536113
lead_d5a60de902a4d721,0.39967128045290473
lead_3f75dab783cc1f42,0.11582350428108959
lead_7bbc2ba4d87284f5,0.041243553191784424
lead_01bf9c3c7ef63f4b,0.08989227802813918
lead_969d82e7d37d787d,0.023329028130534425
lead_1d2d26078bcac7e0,0.056252640124124016
lead_838fae67fcb48734,0.05673612764726375
lead_62d1783a2748bd30,0.9419284641511901
lead_ccecf0e5ffc0615d,0.12369900968682353
lead_70aaed3296093cd9,0.10662637974881119
lead_1bd5170c77b73c61,0.18157922109981764
lead_9dedf50a00c4d954,0.048535512820226126
lead_fa8f8ba455fcebf5,0.24946937567009705
lead_a040dbc591dd9fe8,0.045621922496887034
lead_4b7913529b11e96f,0.5171171211323101
lead_ea671f450efd3e64,0.9962416839583215
lead_31effcc5bf685668,0.08049445650052359
lead_91070c8468943f3e,0.10592129930758672
lead_44da731617159bcc,0.15214590766044914
lead_70452c6c827e5efa,0.130414989309673
lead_2ecdc427b8813c7b,0.0577117670099622
lead_9ca7aaef86d54f9e,0.13164161550387055
lead_428bcc3a89e5f9fe,0.08809739247840939
lead_27068e77129ea982,0.0029580531465655652
lead_8137c8a4c89eee2e,0.05017155405962464
lead_4b318a672bfded38,0.0067237848414853155
lead_7bf7a2b8427542d9,0.05898272732626372
lead_bc68a990f5208f6d,0.9982375077016694
lead_36817e0c0bc0c7be,0.4504096128334171
lead_689aa19a3e5d2ae5,0.23829544128425278
lead_86d8a9d16e4b4288,0.003574456669950117
lead_c314063ddb0903c5,0.12997489285631916
lead_7546dcdc94979abd,0.002001926170970788
lead_1171ab7fea1a6c43,0.13501456289327726
lead_f84e25e054c83153,0.08132548476191352
lead_b8738dd5beb140cf,0.2059303359158998
lead_ce4339b5ac7c6c32,0.050336984106154295
lead_37d254514ae001f1,0.09799895664134725
lead_0d98c351e317a5df,0.19027553340736253
lead_9e52bc8e649a3ded,0.0745968437887441
lead_58fe7616ca52c2fa,0.1446982447956049
lead_55d589e1db92e490,0.15553008238008892
lead_c84f75dc6d963060,0.07426767141197232
lead_61ce25a950806e28,0.08789047323240966
lead_510eb176bfb86884,0.08279755047814787
lead_f236424a2e3a7576,0.037946940922185673
lead_b36d683ac547ee7a,0.08114195383524102
lead_c8afa89fee080587,0.14729528935937156
lead_468c19103e2c0500,0.006206376143868667
lead_97d179edb6f427f4,0.2598924678871717
lead_dbd633feddbacd07,0.06184685827726782
lead_a8e6156cecad457e,0.0885715542711522
lead_6860dbc29602cc1f,0.5352999878842772
lead_ba60ac2975ab3c1d,0.008491523287753643
lead_db49e3e2d81726bf,0.07288904964638286
lead_946007a83ebc4873,0.17412798051411216
lead_9bac2c7fb4fd2b60,0.04477795018325267
lead_7ad72d8c05191ed6,0.09464447803580309
lead_822042b85934ddf9,0.030462298772215794
lead_e3a2e2f3e435e268,0.16160600785802412
lead_d2b212d4508f1a86,0.05224842580904581
lead_2ff1fd0cae19773c,0.2963673866457739
lead_1f2e815f1bde4c55,0.08039856570811217
lead_2726290ee2418a75,0.0803336737752752
lead_f751ea5375618550,0.27791420861682026
lead_2ada047da37ee7ed,0.9901383215669254
lead_3edfcf80dfd99d16,0.17180125809195684
lead_a8ade78f4deb9fad,0.18032954712335264
lead_0a21ca5fdeedf98c,0.07896510647483279
lead_5cb28828577952de,0.533829962989891
lead_f969d2c2d9897adf,0.08861868954154706
lead_11386c1d5d032cca,0.1833020497608392
lead_bee558998e982408,0.9906162970292147
lead_b9c828bf68953766,0.1975955669942854
lead_46acd81cef92c99a,0.0005598764458811349
lead_1eb8fe87af03a9a9,0.16973448227428536
lead_e905ef5154b541e8,0.15099146458214607
lead_dee49702bc801b60,0.01885520181073653
lead_fe5141a05645604f,0.020278061315347134
lead_2ab1bb66283ad80f,0.9016344278284513
lead_fee34336f848624e,0.13553398173691616
lead_2f81a6aa060d0494,0.4741879079725756
lead_aaef56a6b1850e55,0.12957363859022086
lead_2bf8d1a7dc481647,0.10133813997320304
lead_22e432cfbeac5549,0.08227955792928257
lead_07b12a3e3682d93f,0.11876823523528292
lead_293048b037c39d00,0.07654571377496389
lead_d5539390170e51c5,0.07804631494386156
lead_8d4a54389a078217,0.14808477685929364
lead_e03db5abec5dd915,0.04913812486168608
lead_ebd35f8a931a76f6,0.054863945858279424
lead_36e2dd36bc50e206,0.06346284054366483
lead_798bd20cf5d75b41,0.18269964219483514
lead_b219cf2ae3201bd3,0.005892520283585382
lead_40c4435ac1e1748f,0.07154156388848673
lead_caeb348cc0fec55a,0.09082535101061467
lead_9b5da676e277a208,0.21219735386733218
lead_d59dfc432fec8766,0.13711345451961127
lead_04805431d3cab46a,0.22766284060217293
lead_8ce4c1dbdd24fd39,0.037462187340328086
lead_b4b9dbaed924e15f,0.27019400665810733
lead_5a16c1d2743bd99c,0.0006217563348569529
lead_41fe71d43a1b3b8d,0.5210337583237422
lead_b238a7e0af8cdff5,0.20295076790767647
lead_a78024b9aa1230fe,0.05652460700097478
lead_e7bfe12d3509b958,0.996950282841933
lead_c6d04ff5340cbb2b,0.23298416839998876
lead_ede047fc2103430a,0.5028838522649792
lead_4b558516388fc414,0.07168827577925004
lead_4416671aa89823de,0.07212149184572142
lead_7228edaa6318ad43,0.005218041470869914
lead_8b545d6694ba2a03,0.029955659251197645
lead_978af851e82f470e,0.054783083335356954
lead_7f8944c485e1bf2b,0.27745045379109845
lead_deb226a9c589a03e,0.22862519690289987
lead_2515026aa4818d68,0.5979268900655045
lead_e66c9e8da405fd44,0.05464514958104174
lead_41dc85baf143f703,0.06204587357980819
lead_ae5bb4ec73aa3902,0.3388887568898172
lead_9897cc5c298009a9,0.07491205829991643
lead_4ffd34e78e3e4de8,0.43081212332158025
lead_6cc367c5f823c34f,0.07244320285085011
lead_f8d41cc9b85fe1e8,0.5412179950549925
lead_b4d284ea1a7af28f,0.2865302041613644
lead_cc4914ef07acf916,0.1550707196443254
lead_e2a26ef739625b41,0.20520882894443673
lead_6c61e7438c803960,0.4160759610818757
lead_98ee5acaa429f7e2,0.0021355333349126386
lead_e6642c1260c1e1fd,0.09681614107245558
lead_c31fb9fdda36a02b,0.0014650245692002196
lead_7e1a1bf98ebb47ef,0.9904286424400972
lead_a73c3e2dfe55ca14,0.09712744850468935
lead_cccd44df3acd0179,0.01764648573280315
lead_b69c9a398a7b4d8b,0.03691076183245294
lead_8391f3c704d7ee35,0.1294846672686889
lead_14dd596760cf46b1,0.12869629847179517
lead_f713feb2f026937c,0.06788890322172036
lead_649f86c9ab281614,0.07114998412225224
lead_b244ecb62553f405,0.13077881285376608
lead_ea9e3db8befb2319,0.0021189267069404638
lead_6747acb67f4443a7,0.22432063560843293
lead_d5cadecd934d97e3,0.14438084179789554
lead_dbcbc4dba2bc4b88,0.042151847162075644
lead_04e286ec38f57228,0.10391925911045816
lead_ea225771b8bd19c1,0.1270190474247404
lead_d14dee9cf60275d9,0.8391752787464303
lead_8f286ee6a668231a,0.4263377501750401
lead_cdec0d17fed3031a,0.0775200890791027
lead_4fa8a051674b92c0,0.03122827604025646
lead_32322757ba4fa97f,0.080204012320195
lead_55a367facde80dcc,0.9927956655599894
lead_3387f78fc4b93f6a,0.4875720904598046
lead_7f54dee8259a788a,0.08378243759991141
lead_0183c93a5efba926,0.022021652350882562
lead_e8b8c0db22643863,0.1815225559599063
lead_6e3a0e708f0bfd4d,0.13133166785630687
lead_2dbd0e7ba6ceeff2,0.3634284576782199
lead_64699e250a2b8fec,0.44417506522656214
lead_c27517a77e2f9d4d,0.3623543262612644
lead_fa9b7ad3167a1c2e,0.2478727837100263
lead_4f5738a3ea68390b,0.1538498724358487
lead_a41e2f0f6119f792,0.03131674409191822
lead_e5c57e86d578267b,0.11574009458251495
lead_0142f76e549cd643,0.30743896821890815
lead_8e4dae90bb95a5d4,0.06576897418488299
lead_0ba477db20491bcc,0.0011987387153164916
lead_6445b635fe0df2c0,0.01086247739028207
lead_2af1ca1f2db6dfe2,0.1093173949187003
lead_e0847f9033255c8b,0.1953132126862739
lead_93e479aac3508da9,0.20158195630662024
lead_b1650c5258f71ba5,0.11345079821735936
lead_93e4bae957eff9f3,0.0724694734485209
lead_cd881ddfe02d517b,0.13195386423377173
lead_ffb3698423df33d8,0.8733181098993159
lead_2c44d557aba86c61,0.17203681847853097
lead_9cc9841b810ec7db,0.009137575516159076
lead_371693815112e4c6,0.07017873106485097
lead_55316f3a683e893e,0.18762389648414982
lead_a719ab9d77188815,0.12626109941475677
lead_b05262e262134e03,0.19253559749474672
lead_efa6a3b266d868fe,0.9901559533463286
lead_d2301f90a402972d,0.07109414419586191
lead_ab5bd0ea6d2e50ee,0.04516072112171274
lead_626e6c65fc6ddac8,0.34726101073843596
lead_d04119e9c9c414dd,0.3070808295834208
lead_909d51fd809cc2e9,0.09279030758237344
lead_29cbd8aa379ee533,0.12358171584390296
lead_0ea825396c256953,0.13541619678117214
lead_0b68158009295cd4,0.07994263890079263
lead_8fcede2eba33f263,0.2504169790502961
lead_c786ba185938fcd9,0.11833119250256227
lead_a1afbcdbebceb2ac,0.3570903003577972
lead_61bdeb7ad3bd5f92,0.18040631002793225
lead_196ada5d4c556cc4,0.07153691461943644
lead_1586b10728cdad81,0.1598575477506202
lead_bbad91922bf2482d,0.9418687518204454
lead_c8f3e84791edf05b,0.22824044949821853
lead_96585b815669a74d,0.16352755799330138
lead_82326dd9337be1e7,0.0002523201813671949
lead_4ef1c76995f2ca19,0.11802603833776083
lead_9f6e5e39d46b0017,0.25125101540593625
lead_3226c40a495f8973,0.09361620379328407
lead_3a097d7a741e4b15,0.44150018627813453
lead_249fc3c1d8d62b5d,0.007618214478244327
lead_055ca064b60e294c,0.5094808860455494
lead_222f17a1e6977eba,0.02368914208658742
lead_1c4940ac8361f27a,0.08343058768329013
lead_53ca6ba14de476e2,0.11390336898259665
lead_91da92e68a5ab3db,0.1024112169823472
lead_aa837e70b7b4f1cc,0.041766316049080945
lead_d903a984b9aa14ef,0.1128032122613131
lead_429f7c947d2a0157,0.0022256469272303775
lead_e6863b8a1c8e5a2d,0.42650306106655234
lead_7a9c526ec0f54063,0.038594974310374716
lead_b0171f971a94bdb9,0.30467481748192204
lead_8703ca7f1e74cd00,0.29401932373364
lead_0969541c0fceb24d,0.07041295369978623
lead_bad174e5b5b7c4eb,0.5592653892503523
lead_2c6b1b190e3de6b0,0.9862850066232566
lead_120972f75f5b065b,0.08962257734532335
lead_2b45e2671d3f04a2,0.05097013296428315
lead_7fcf819b52d2d33e,0.27543524987418283
lead_235d739517a26d18,0.15050203188880745
lead_812aa504f39abb1c,0.046411153664038515
lead_71708e1ea49a1ca3,0.15333426426922592
lead_6338bfb4fdbbab74,0.6771448713941473
lead_2dc51c4a9fc85a29,0.05588327849510323
lead_47a0093c61ad9283,0.16586717799669595
lead_fb20f1cc4564d269,0.15953056192879114
lead_e6ef153519a7d903,0.2929909329046687
lead_38bc05a317635d6f,0.24596342269012791
lead_a15c175be11fe436,0.03775163823641596
lead_9028cfffc2a7a0d4,0.004794454769655339
lead_77e306e7be9c04a6,0.3216096159683181
lead_18efad6408eef00f,0.11976803621311392
lead_f63c09d536d13632,0.10367194337288185
lead_a04a8b979481a66e,0.6774023741907784
lead_b4683fd39477a4b6,0.7585683813617192
lead_4a1e5d33e48e3646,0.3035526384403297
lead_1a363c46f7c3ea97,0.16746876253801335
lead_3cddf0f7f564d49d,0.39724481162679287
lead_da8cbc8ab76cea8b,0.0006180568931419238
lead_6943916a8909ce2a,0.06679433435231721
lead_172e566d62cf25e1,0.003044694627927151
lead_9c57477aac950d78,0.1814099510244236
lead_ed2c26fbc8be876c,0.006887939424958015
lead_3c731d38629321e5,0.45835480940510975
lead_753c354113b38f55,0.11588986014594857
lead_ac7f7327b44c4253,0.12679284807115657
lead_5f30f6b9d3bb0ac7,0.17490100178466803
lead_b13058f0f535ab0a,0.16472757959526763
lead_c38852c13c864021,0.13399420089413966
lead_ca6148e5893671f0,0.07837184650722472
lead_111e72293c517757,0.05760521882729281
lead_dd03931bbc901b43,0.9952824201017356
lead_b1c70f16689fafab,0.1544388742521999
lead_29a64f5a4bee8bf6,0.674221898555572
lead_5268f719917828da,0.5947201735253048
lead_4e35f76829dd2c17,0.09738270611970987
lead_f1aaf7d475a8f223,0.1544497639161541
lead_11af6d4a174dccd9,0.3615530840439924
lead_95f2a68c24e10ac0,0.11342850681256454
lead_daf3da47efcf6328,0.13500657087305193
lead_1ceaa8ccc8b8b082,0.04479565398492101
lead_b764688d57118262,0.3758917265239227
lead_5ae6f705f835578c,0.30540881013059556
lead_04ba77d23d56bf48,0.08657852306540678
lead_43fdbb628679a765,0.08275907005070438
lead_3c01b9c03f203ae7,0.1404422492240017
lead_546e1b99fc12f950,0.16417246744279704
lead_a98f013d000f4700,0.08519042676360324
lead_aeb2538c14c4f733,0.012816953817908644
lead_38414686ba83fdfc,0.11056467325601017
lead_ad60f896bfc0dd58,0.1452238460927185
lead_4d65cf82cef6b6ea,0.14046160519867035
lead_db54a89dfd815b89,0.006439804745002641
lead_2892412af846efb2,0.9139223343432661
lead_87d36384a203de4a,0.021748302411123868
lead_f537a18f20eff3be,0.3191647211256936
lead_bb8c154a5c07142c,0.00036513019278700036
lead_761a765da22289a9,0.1544212823951211
lead_b74fdd235b79c512,0.0015308935937560961
lead_afced331727b58ab,0.05206202680883452
lead_8fd25ebcd68a535a,0.6428433280784276
lead_9c8320d3d0fbdedc,0.0028708555869090295
lead_7b2b8339f94b6429,0.13549402416278036
lead_b6ac6933abc608d5,0.22379798281371718
lead_75e39534f354a2ca,0.08963382902501803
lead_7f57db363059f6f5,0.4111986244884708
lead_0594a04a3b151966,0.06415414859837343
lead_81252fdb77fd8e35,0.21343102064519368
lead_d51057a391d896a4,0.9928674122097096
lead_bffc038533cc0681,0.9879463329185242
lead_8b5b337675877a0f,0.07877125603871532
lead_66c087cf92731251,0.2505931685529488
lead_6640408cc84b6513,0.022573079808161717
lead_561d9b460589cd33,0.18750083122256886
lead_c63405fd25885ac2,0.0681426153161549
lead_ac4983815bae8382,0.03959727359451746
lead_44b3dcdeb5295c82,0.1914128682679293
lead_ee762ce286f03950,0.199279905524735
lead_a6d2673e52072def,0.34347174053675644
lead_5340bed1f667f8e1,0.10880110283796017
lead_8c1906309d36e9a3,0.3166400271686686
lead_49b7dcb00bcab208,0.3552682422744503
lead_afe1d307363aedb5,0.9961231503342182
lead_930a4e8b3530bc8d,0.9480587748328075
lead_5c0cb1ad8936a1c4,0.06769192903544916
lead_be403fdf7b0cdc8a,0.07294772583019841
lead_601917c5677aaf23,0.12070298839112593
lead_a7e6de3012e60274,0.09120004511893652
lead_ce6f2cff4ba26a75,0.012952967535978195
lead_903c37474875c4da,0.05624695927003119
lead_348a820532c64dc8,0.07846980871692529
lead_a8f70ae1a62abed3,0.06421107645597904
lead_8d1689dc7eec1efa,0.14824713833905853
lead_78295181221cba9d,0.1677776777420529
lead_aa3b4de69d7bc75c,0.6078947166878601
lead_8d9c5965b4b291df,0.16837101154361506
lead_366d9cab03d93cd8,0.07689594937930962
lead_86e95ff5b9f5d4d4,0.12193673117414426
lead_403e580dabb6741e,0.2649352189389796
lead_c72e0c710d6af996,0.11174395462824158
lead_7c69e796887d9431,0.5622116093900003
lead_6639276ddb60d640,0.18030655662078582
lead_b5940d244d691a27,0.08067332381672888
lead_2b43c28b85a4d37a,0.2588104181846433
lead_74e918359fdc6258,0.006738422772295952
lead_456611522ec0f340,0.18208831001912817
lead_ef801bb9d31d3621,0.07389782076648659
lead_51ca4e3f93cf3b65,0.03633169490865663
lead_94c531fc52d96342,0.033051952496150803
lead_ea191dab2dece558,0.6100387525997236
lead_855c4d06d06fb859,0.04425153591749953
lead_57edc57a545279eb,0.05045881711681514
lead_44831f7aad6d8662,0.22422647978757507
lead_5be4614c2c2e3bc7,0.043224817296057275
lead_5b7e0cfca44372d5,0.13426431696312105
lead_8b3b7c4658f56f73,0.1252107773693638
lead_c405912caeaa06e8,0.05223421886938346
lead_ae868bb301da044a,0.03275633377547425
lead_b764d7fe310f68db,0.06470524165739729
lead_395615b2132eab86,0.16879836157119535
lead_e16f249e61003bc3,0.30892588579870256
lead_01af5fb8b6dce080,0.5053106016404013
lead_95cc0a2a3ddc3ac8,0.06290080452316131
lead_65a1509514b86587,0.04793676183526628
lead_11a56ed3adb6b1b5,0.10462910982117528
lead_45c4a77d6e930769,0.15298469375034054
lead_c09b07e6704df536,0.10699332898178288
lead_b74cdea1a8c1a1b3,0.9301312291987057
lead_e09d5d588850c121,0.2175959416905129
lead_9036e0dd95641184,0.08334121791461988
lead_673b9ee3a18914de,0.13376451061704261
lead_0835664dde204820,0.007228145318751113
lead_1c39362c3e381f02,0.20579300208314652
lead_868d81c76265e076,0.32061922141464333
lead_b30df57a48f01f19,0.15703638055289984
lead_e9c6c70ea33d4002,0.085062610172864
lead_2d3b4a750f2c630a,0.15305451516571605
lead_21d30c2f76b9c771,0.05247619675929359
lead_b7091988f5b5534f,0.060779227974207435
lead_be601e506b6791f9,0.08270649363984786
lead_eb1bf2c94ad8ac31,0.1999169270552703
lead_d0fa30497a42f923,0.5451972996358087
lead_ae99d18ac2b65caa,0.06797464666069324
lead_ddbabe4ca896346e,0.08627829271176865
lead_03aef5c5531f8f28,0.4323663240592773
lead_d36a992f94966355,0.12986431813957824
lead_abf4497b3f5237d5,0.07018134662342795
lead_263c08c5811b29aa,0.15239536915189106
lead_ffb6dd9902dc5e27,0.11378539439801101
lead_42ec420f22e15cc9,0.13465361515641866
lead_9d0f99d40b9fdb9b,0.26189668329101295
lead_ae6ee7a954ff3210,0.99075400908105
lead_24af28e472a4a0d2,0.00031542381892967
lead_74ec871056fedb84,0.19134909787066884
lead_b657bd1ef4fea20a,0.240368489981201
lead_ee8a1eeee30c24b2,0.10139198323289836
lead_78019c5114968fc8,0.030243168238367337
lead_87b39ab6b18d10c5,0.06083197724776067
lead_534956db0f5742f8,0.09294649093374534
lead_17e5484163e2980f,0.009967442692842629
lead_ed212708e7830c67,0.24103577516331884
lead_4e3896da915c3421,0.032410488454829155
lead_9850afd88f769fde,0.040613362437900556
lead_33bed921069008cd,0.06101323809478962
lead_655dfc938cc9b622,0.061871953211227015
lead_18c5401bc63a7dcb,0.10317900208324697
lead_96c1ec7c5b173a18,0.9871618024596241
lead_beade0732965191d,0.3811220659907293
lead_e66d31629ed38256,0.03442600317300932
lead_3c48b649bca2e0e6,0.19433446481632982
lead_ce889e11627afd03,0.9991780163494949
lead_09026cc843ce11ab,0.9332213850034738
lead_cea9494c410242ad,0.014552263390432894
lead_02cf45193ce53bec,0.12452029935800714
lead_a75e718421c46835,0.16396295593020113
lead_805b6143a97333ac,0.14931388376791385
lead_30ceb189c4f09b59,0.977986181727309
lead_f808475fc4710c4a,0.22553026438121213
lead_e0ec70c5f2aedf97,0.0033961451054155627
lead_b70f1af0ddf205a0,0.07897038263111864
lead_e654f98fceae3d38,0.04090158474817727
lead_103813ee51154c1a,0.3838324324237249
lead_9717875a6b9fafb2,0.06386790873606417
lead_258271f3594fafab,0.25850254789005955
lead_fd5a8122c73b3c38,0.1727761695312411
lead_11faff6ba9276a3c,0.9909173542513173
lead_006a764299996b1f,0.0928246800826
lead_261b8e25095c5403,0.04221042780488102
lead_4c588e48daf1ace9,0.4578707038515373
lead_bd054a189c5676c7,0.997869163137096
lead_b8de9d01f5361248,0.002978842212806571
lead_44e284fd25871f69,0.18598072059001955
lead_bc827023fee5e408,0.02649712222962575
lead_4d4998b84d491673,0.021326477990015042
lead_658ad7ed0a84de6a,0.004217567368492443
lead_892d302fcfb8b30c,0.1756248096429755
lead_c36c04796341f2c6,0.08869332003729483
lead_1f865382dfb73763,0.2939986909467633
lead_e08869269003e10e,0.050790627195679734
lead_df66199674329545,0.08741464905793841
lead_34c566f7b61a07de,0.07334901045506147
lead_2d46ef949fdf6333,0.0473902538056869
lead_7ca76f135b565275,0.4703621018198202
lead_ee9d6f9c5fb1cb41,0.9927699640590611
lead_236467e3d6f41638,0.043292045374730026
lead_230ed858f51da81c,0.6254359195515856
lead_189c631f5b8e17b5,0.06359153307709448
lead_8aba99106aa54490,0.07209540413500605
lead_e2d2c088a88df1ef,0.2796874513713699
lead_e4e3df7007919756,0.9979275429785002
lead_8a088dc42679051d,0.24743532452537023
lead_4841b28a747d3948,0.16010645330719445
lead_ef9cb08ede9c3ccc,0.07372442301054542
lead_0ad481a12bd21c47,0.07901665856113321
lead_eba180716d1a3033,0.07975106501066404
lead_0206f673035ab668,0.9953274033366718
lead_0d94bccc1a6147c4,0.22298580919629535
lead_e2ed505e6cfa7924,0.13482106106046485
lead_fcd1c29855012de7,0.1392686610830239
lead_fb4a4be169b72bb5,0.05265243900033101
lead_bbdcfdd196d6f264,0.0052020150112926915
lead_fc501ca2d917dc87,0.09284349193872037
lead_5415c2a4549ffc30,0.6690056080650848
lead_db10f2c76741e3f2,0.1251177877606323
lead_96ee3238a5608504,0.3375258176267842
lead_e43129e243a1259c,0.12062679409097221
lead_8f894c57641d9061,0.1822828954756857
lead_5491cba738b2158f,0.06584420511474084
lead_3bda571760af895f,0.27160136641395866
lead_5ba608ea62fd5f26,0.17575711415524847
lead_7384e12ec1c1dbcd,0.4666692142424321
lead_dd979b6cfccff878,0.2777500500442165
lead_0f3d22c9c218ae8f,0.20382152060062345
lead_97a62abf43b217a0,0.05582003685721039
lead_4a44b926fe64c47c,0.07285020705245843
lead_e4f5e3f91e367acc,0.8981304012599108
lead_32867cfaa6c4e0fd,0.03550239141101669
lead_0d788c91f5b413e0,0.06264598246597677
lead_1425321ae446087a,0.1278875495953554
lead_b286d7b9b40253ac,0.21324281774704684
lead_c4a990c0138cda9f,0.24413569522497422
lead_39659df082a6dd0f,0.9863037535820208
lead_7441745d7a5bd4b8,0.8576446710582698
lead_7427c1f6ab508998,0.9713257212191063
lead_92e3884b30ae4d39,0.005795253214729599
lead_0f6582e7b60193b0,0.21406339896527576
lead_1bd95ba0718edc8c,0.1812464209115245
lead_c0099e24826ace87,0.06596104490811952
lead_ec4cf0ac40ccced1,0.3384858904490379
lead_97dd5f2f785bb717,0.0011251908504742577
lead_532552f367ab7638,0.04878306941451588
lead_e1c466a4b56b3cf9,0.42618207775406647
lead_7a73afcfb92df1bd,0.05976442843638533
lead_839183d309c7b56e,0.05121198071552066
lead_6eb7cbad73a487a2,0.08519480997804847
lead_5e9d7326dc274c68,0.16928775125434325
lead_2c6032c1c1eb7178,0.9978421748183584
lead_c26654281dcb8243,0.89097665638884
lead_eb230de4a459fda9,0.08956458271655002
lead_6a916c40bc894925,0.05993192904427551
lead_b3e10374bbd207ec,0.9479554167245037
lead_112e53bdfdabc25d,0.21574836516416274
lead_2231f93e3d497866,0.03421940545150098
lead_fbd84bd821dff3a1,0.054299244354116566
lead_f45765bc5cc9627f,0.1210696911027752
lead_c52f3a17e92ba0cb,0.04861916517384866
lead_c0e17b9c45ccabc2,0.5407908903108551
lead_d715239cbff17090,0.04431214497461316
lead_a1ce64d791fc9adc,0.1063346609706077
lead_e506d2f1135849ab,0.15709151937600638
lead_78940ab56785988a,0.3489232415867202
lead_c3693fa43f622461,0.03871791223901666
lead_55fec96af0229ca3,0.018423777868639787
lead_bdb886ff091d6502,0.023614574342924095
lead_8834281e95badf9a,0.7897972534938315
lead_e65a9b32823607d9,0.9935232897432296
lead_3cc59a53e3a33901,0.0700084718004185
lead_e2e5b7dd61be78ed,0.5150846895068927
lead_1077e9f18ba6a539,0.12570667806503769
lead_b89b025fa0dfafc9,0.06113322184445121
lead_220da213f4f38dd7,0.26601665305526573
lead_4fe74da11fbe3082,0.9808418013544056
lead_8f99089432b9877f,0.31586839004577477
lead_82be1b2c8f3ad8d1,0.13849778174392685
lead_79d0baff03b6fe2d,0.04490400958624547
lead_0059bae79a612c07,0.22957836406786697
lead_1983e52c5d845e51,0.035783508786872295
lead_9c801ceacde1a3c0,0.11575783383552912
lead_38973f3c9fec1a3f,0.19100420546792474
lead_e8806d9dc52a98d0,0.07881653725454658
lead_eafed688c7b7e676,0.050701749454841134
lead_1916bab28d067589,0.5299280748788541
lead_3527ff369a6b970b,0.03820783808513979
lead_f571ea6276f67f9f,0.06347906353103414
lead_aa9f92dd2f885663,0.9828611638974664
lead_2ac01862ffddeb94,0.020399755832466306
lead_c12382645cef7df8,0.9763984465116909
lead_8cbd0bf6b591c9fb,0.041413662837098526
lead_e80d70b2e4201d1e,0.001035164771816076
lead_c9a42fd64b11372f,0.09172653482563739
lead_a6d7d17284041925,0.9965269069261935
lead_4019d52501602361,0.05332408069834981
lead_2a496ab41ab12277,0.11339961749898714
lead_3915a9509ec2baaa,0.10082639627456348
lead_798a0c71be71fa9a,0.09607058254713927
lead_bc97b8c84e39d101,0.17728921405791584
lead_80c01e629b48ad82,0.18983912369037995
lead_42556949a5373174,0.3474796919785858
lead_1c754abf4e650e9b,0.04729534191377594
lead_9def8bf3eb08db9b,0.0969548428754516
lead_29a2a116ff39d65a,0.02220208815560273
lead_7ec182b3cec13fde,0.15339426191103622
lead_083fb9febcf08131,0.03790754906173318
lead_1c0338d4701c0753,0.025914963462092835
lead_edc34cf51ceade6b,0.16883538049802752
lead_af37cd817eef7067,0.5776860485046152
lead_41c952c8b4cf5fdc,0.07302809359984695
lead_73e935bedf687c3e,0.3321811269027968
lead_291eec7e7b7b72f5,0.16695569563116802
lead_643503ff47e83525,0.33874969924617193
lead_8072336d3498ffc4,0.10409064207914615
lead_4c52f8558030b12d,0.6375471725067964
lead_228ee77b67dc6382,0.08767210824962737
lead_061e84937c0aee2c,0.008105239902111816
lead_54ac32325a9a743f,0.9917850109331268
lead_4861fa3e8a1783ee,0.38514854978849394
lead_5e0be160a600085f,0.025418696841403476
lead_7350e074ad0e3e57,0.08997314378851724
lead_3bf4725e376d618e,0.218379452224764
lead_21f62a7a810c94fe,0.19002157241944923
lead_aea9b4ff7767a2e8,0.9976498769073551
lead_bfbb02e8f8ce844d,0.2217748458105601
lead_3e64d7c4b6feeb2a,0.01270156267585158
lead_d801b1ede2da52fa,0.08739900033042994
lead_5e0642f03afdedb7,0.11963805035386177
lead_f8eba28ef71ae529,0.2229427906310066
lead_18eea1e1a9143b84,0.07891315738087167
lead_17a903aaa9c241ba,0.12986169608018214
lead_d75e44bdfdf4d9de,0.23963639256830427
lead_b44fbc0bec18e681,0.06536196835250731
lead_82f490c3a41d0af2,0.1300597387406661
lead_1a24951468284ea7,0.056725761287942704
lead_066cc6484603e894,0.07494252324791967
lead_1d261ce23e8dbb7c,0.2433484508197386
lead_cdf50bc9aaa5f2f1,0.4675616300637509
lead_5cc0878834589291,0.19787701397683755
lead_c9272c7a9c5b0b1d,0.06830912624465314
lead_fb448a3670b1e84a,0.28763281059089835
lead_e92f12bbdebd8ef4,0.13964124854069143
lead_0e1a30cdcf8c31b0,0.1685610282725324
lead_48e31310410531d4,0.10908984861532507
lead_308461297d47d6c3,0.04749381192598204
lead_6a8f5b685459346d,0.004560617270233806
lead_c77cb86988c32857,0.24127653268766616
lead_32f360db6924c2fc,0.11053109417489712
lead_9acd12e78483f32c,0.12448773718860863
lead_3c842b7c7e60e2aa,0.9985969945415739
lead_bf6eaaf116ced984,0.3438031839528385
lead_f298ab807986b65a,0.570765873405212
lead_d9d118458a57f23c,0.004389652026710376
lead_fb6deb65176f1459,0.08921220967756127
lead_222101720ebe64cf,0.01519987625296152
lead_e957a8615aacf912,0.000458502637143255
lead_cf8fe86c902cf238,0.8679504245025657
lead_d06b57a256b4453f,0.0556388556611043
lead_417fd48825d4f3c7,0.10566650324058065
lead_c79073d01e47e308,0.0297118304966802
lead_20efea01f2cbf586,0.18188656923562593
lead_7d5a9679bb06d2ab,0.1861656441487564
lead_b3768182f30af061,0.08987968146056442
lead_348e90636291f8bd,0.04577754919409945
lead_16f438a6075f45ef,0.14253673436280204
lead_9bc5337cf1a28ded,0.13687539093689147
lead_a0143546126fbc11,0.03912153581037005
lead_e0bbb816d374c866,0.07874789951916486
lead_01d85502391345ad,0.9989670539759311
lead_e20cf366a046d907,0.2816238017615382
lead_9bb2777da74e575a,0.01683717219168319
lead_c225626567df1b03,0.9612707392301729
lead_08bedd716202ea0b,0.08095912440159314
lead_771ffcd4fca34dc6,0.0654948735621503
lead_0f40cd50953436bf,0.24067835715551086
lead_22d2cf4c02affc74,0.07846144335720623
lead_dd73b16522e82c70,0.8678006114425835
lead_32fb33091b3a82d1,0.009548440599212329
lead_466b417bff21ae7f,0.10245225416399462
lead_a8fc2c01ab43535c,0.23378909052850894
lead_c33df99836c67796,0.07943631073000566
lead_e8dd6cdad4430bd5,0.05113651186321813
lead_620f442013151903,0.052886389232731
lead_5b56c356dae86228,0.060019115127608165
lead_a3aea56019d25249,0.07793941424299794
lead_cef55053b598a863,0.16106475221739378
lead_11ee506381bb8437,0.15180585635440363
lead_3257a6f18653744e,0.09833920669143807
lead_21dc43444c66b351,0.1156605396067188
lead_02732cc6ab9d63b5,0.2499966119629499
lead_0b9cbd216ca11c6d,0.1148658378567756
lead_234c1922d78d21ca,0.03547273659125337
lead_88c6e9067619de2f,0.0026499888778776758
lead_98ad24935548169f,0.6334613270843668
lead_c6551ae815139cc8,0.023240998366044794
lead_0c89cf582f2937fd,0.9961694681284188
lead_ad2822a7fdaea325,0.13694016019659935
lead_a22b5a8c701c973d,0.37826492529559924
lead_f6787e0856e6dfb7,0.08169742450009819
lead_2f27268bee547bbc,0.15538797814670055
lead_0bfbce142b51a29b,0.015800885049291093
lead_29e675e43a744774,0.24262778891173248
lead_2b0f8216698e382d,0.3985932666734155
lead_93d67c6c7609a2bc,0.9690361702657707
lead_593b241a81a44e07,0.00905173309652029
lead_abb8e27d46a2595e,0.27779316928567377
lead_da8df9efd7234595,0.1127015004919901
lead_8278cb18920e266a,0.10465142927575333
lead_8227c5ae038be0c4,0.9934134108970989
lead_36fb2bf5768545f0,0.001600078004511785
lead_1a0f37148cf6cecc,0.19263348469787545
lead_fac0f6b88e24cb81,0.9261055822660221
lead_28c1ae58ca0760e4,0.08308435238526496
lead_c301a52549bcb855,0.8637334758012996
lead_1dfff1dabeaf29f4,0.09389129928508468
lead_41804f8b8bcfd6b3,0.27307371324530205
lead_4eee0a2cdfa2d623,0.030396667349560556
lead_2d18f48dd818135a,0.23233474449214445
lead_af4d88b43b7c8c06,0.10835776203686412
lead_5ad33bbe258180b4,0.9838275449509524
lead_b2ec4ee6687cf20b,0.0006138780484738385
lead_b3ffb1606cb181a3,0.05163060898193831
lead_d4b969b22b6a8e6b,0.04871773869577521
lead_f176b370defc326e,0.15794440126133835
lead_f26574cf82d6c0ce,0.27202333389650885
lead_a8779555fb0103ac,0.055709556683265105
lead_0a160ae839dcbfd3,0.06706124805635774
lead_dc19eede4d20e616,0.12181845155364351
lead_c89bc85c9e08a9e6,0.46970408814461945
lead_1b2cac39d47283c7,0.00881881167506023
lead_5680a3191b961f23,0.3070951265656054
lead_aa886055ae00fee4,0.06004317938635995
lead_069af462f66d5991,0.1626763221583196
lead_8da2817cf539a80e,0.18166420405943412
lead_aa06bf866457b149,0.11407820007979638
lead_dcbfdf9694f25b4d,0.03768211585371577
lead_a1647c455783e0da,0.04823507496485556
lead_ec81ab413d346c9b,0.057945415121294634
lead_6abdcc0c5e759974,0.2064813850881325
lead_5f7698fb6d442a1e,0.0640977634989331
lead_fdca14e8b4e65aef,0.07105532005478161
lead_a85e61fbb2f16aa5,0.626754112665139
lead_a4fa817cd40cbcdd,0.034386383362313644
lead_71254524b1aea6b6,0.0009804974071780251
lead_4f05b457ab856027,0.13458314169004304
lead_b57ffbc9588fc3ec,0.08130117550575189
lead_0bee166f9ddb4192,0.17546774031658205
lead_3c3be1870406703b,0.0706999424494926
lead_7b464519623d6457,0.11399353514544223
lead_d55503b1ae8edfd8,0.04135664946764372
lead_da540e6f8893ff23,0.24332454145073204
lead_c1c4b82b761d661f,0.08362662214371124
lead_ba06eb62f09e25c2,0.03932741458803598
lead_26c17705a4459271,0.14443368027685555
lead_d5e37f1c86b7dd75,0.03590107666610892
lead_98f66f6b6adec66d,0.9979620923407064
lead_76a84417f5e7dcb9,0.165959603584899
lead_142e17f935a1da30,0.5025022870641066
lead_6fbcd6ffb0335fb6,0.07330886091240235
lead_9177aeb32d7a9561,0.05018811582564866
lead_ee44fe94df40a8dc,0.2660822868118528
lead_fb235dafcaabc69f,0.2942710095346341
lead_ebc2022246d6b8f0,0.9979153378372912
lead_5d810cead2e7d2d5,0.881732424343438
lead_51e651cda374dd58,0.0002718579560475473
lead_1c1cc74aa68fde24,0.1929632511017385
lead_18b0c3b74edd6076,0.09793187743264907
lead_7a39e5254e8e9b19,0.2749731899569297
lead_19bc2978f328eff2,0.5845069025311469
lead_7f4287e09a59b45d,0.07030842896939217
lead_b6a06920b19daf9f,0.17113443523499158
lead_a683bf5720d99caa,0.4970354379373157
lead_21c61fff4efda00c,0.2888891448829005
lead_ae80ba99f56da7cc,0.06754393998113763
lead_55d6753271184c21,0.30471316041328095
lead_64c851d69a77ec5e,0.5147654524163926
lead_577197e2b3efd27e,0.1983115833120103
lead_d2dccb479b29630d,0.025525808902332994
lead_2d23f59dae6e8d19,0.9035633068938355
lead_ef95e998e44ed1bc,0.21184873220776387
lead_33ee85219708b476,0.026790870511768074
lead_09b58d41afb724ef,0.058011635514135476
lead_e598309aea102f4a,0.9987732091887475
lead_f5994e43c10660db,0.3216015113078731
lead_1acf2de5ff1dd2ac,0.07736315716163207
lead_94ac272c7800deae,0.4526659820753212
lead_cf54e848240d71b4,0.12242392035212223
lead_339f9c985d6da72f,0.15201116409338628
lead_b209580c4ab5befb,0.24722632959003144
lead_3d4c8a9ff46c1c17,0.9936747600296872
lead_10ea23a57d0cdd5a,0.16749943041750456
lead_bd2249dba6e6940c,0.10745580013240177
lead_925e372cb1194aef,0.17203607717590802
lead_5ddfabc980f0398e,0.0297331363181282
lead_40b84867228dd99b,0.3980235501418238
lead_5a44db82c24580f9,0.11100850207999147
lead_9c5f588dcc852637,0.4526442107180852
lead_4cca3d083d408c9f,0.2607241134455501
lead_edf102f0af815086,0.7698446658729671
lead_5c673c12ef5659fa,0.07838610969284006
lead_9d3164b1a0a5e09f,0.19527634327275917
lead_e4be236b11ef8634,0.5597947741146415
lead_eb76cc3011185e38,0.007623285718690043
lead_20981244180218eb,0.13353596706135415
lead_c358b7db2eea5676,0.13773684690313018
lead_4ba87d384909b5b0,0.033004683141903475
lead_5fedd72c59c4c90a,0.07725025433905061
lead_2f802dcde7aad0b3,0.22007974781742506
lead_cc1746b9f3050328,0.1272731100552514
lead_1743378e2c69508a,0.025444241316218332
lead_06afe9eef8118785,0.038693027912751865
lead_ec13e44b5acf91bd,0.24784743525799663
lead_fe435709f1ea3e59,0.4017266014143211
lead_1e7ed039c3ae623e,0.20735442082936742
lead_049a6c5f46376db7,0.17016951049783663
lead_63327d81d245d4d6,0.137972490445823
lead_7afe61d38d5b33a7,0.06260439609749562
lead_7f3d149ad9533234,0.2092977377452898
lead_7812a392bf2bf33b,0.17952735579759416
lead_d33a6111572d3c9e,0.101630847959788
lead_fcb5a0328759a915,0.9957278899229268
lead_4de59d43728e4f5d,0.13218334232461978
lead_5e4a4213dccef700,0.1256185165358516
lead_a662819fccbdf7de,0.12646699346178766
lead_eb5a8f944c7a5cfc,0.10363959442532299
lead_cfc6403e082d7bf1,0.15219118832284267
lead_c5719e7daefae4c1,0.37025409415417904
lead_f4e70133d4b36061,0.9857292234402748
lead_461cc0235042b2e5,0.21598864498608797
lead_6bf43e4570b8dcc8,0.06825354791620764
lead_2c4fa4da16796bd4,0.04663914823011861
lead_80fb0a6582e76cc8,0.004067922142313972
lead_15ade89c673d42ec,0.053627433935241185
lead_b278b968e5873a6e,0.0005162928163690925
lead_316fa016027dad58,0.08379305873167997
lead_b99fe5a8719c18ed,0.08612319085481086
lead_e910a0e4d305e85b,0.13548933001354288
lead_426139944294b7c4,0.052593944537329275
lead_5eb45e6ea1f2ffb6,0.20343522760913327
lead_4508f5283299bc6b,0.0877786382446952
lead_be9f81a3caae4d3b,0.2991112285130048
lead_561cbfdfe2324013,0.16303599815854833
lead_453531433bbae06e,0.06672545109646288
lead_c511ff880181b5f3,0.12793365971322176
lead_07703b8f7f34cdb6,0.11453396012747177
lead_9d10eaa7d11caf9f,0.0782250866345794
lead_c5bd8df4a4626b0f,0.09437551278540013
lead_4d4f95105b37199b,0.06633424580218153
lead_d04f48becbf79914,0.1966028120437914
lead_a436b81356aabe7e,0.0727254317530116
lead_8db531eb6527c6ee,0.07973996264807001
lead_df62eb34d5efcc09,0.1384488562402828
lead_ef787d2dcbc47d86,0.11691703338948038
lead_a4ed3fe3350046da,0.3231826066420791
lead_a1a08041c7e87948,0.39584093922328945
lead_f6b440ee4025110d,0.026387408810027657
lead_9001ed230012da92,0.8475060872100365
lead_d78cde45f0c199d3,0.14027247319438269
lead_4e11817af057082b,0.508092743681274
lead_0a700c8ca16d02ec,0.10007133561255184
lead_7a2d5428994ff6cc,0.6333759864754377
lead_dfd2989143d3c28d,0.8028297364057007
lead_3106e6eaa61e8baa,0.07342394717710915
lead_c3ba573da3dc715c,0.00289935981296991
lead_0cdc3bf03fcf5e41,0.9690412503884738
lead_d383ddff48143ec7,0.35757145694479275
lead_df956b211c03177d,0.027361497650263245
lead_638e9cad830b1578,0.13256911886539363
lead_07ed0f2c7acfa5e4,0.03093662513493295
lead_a2ed2061dba58746,0.24896899262431607
lead_9135395f2f01b903,0.14789182060535594
lead_17a758a574ac4df2,0.1267501221138463
lead_704c58dec322c735,0.23092419760303926
lead_46dc74f04b961ed6,0.1628912708639779
lead_20076e7c8f2e0823,0.041150040713854974
lead_78781b38267048a6,0.07841184739309134
lead_63bd8ee2d943bece,0.5314209084169935
lead_3b2e03ceac6a2e56,0.10492930227965473
lead_206e2511f5b8bea0,0.9468520745945982
lead_27bed5244770bf1d,0.2837756577311337
lead_38b3a3f383713dd6,0.39853960386874654
lead_660929ad93b918b1,0.3504801827977212
lead_a76eaa10cf5e8259,0.18792234807134045
lead_32a85359cbf73472,0.10021519557881785
lead_67b2d4620260e061,0.7877984012475765
lead_e43a2c49cb93804f,0.17434055890093067
lead_b14b836634861569,0.13447737205765528
lead_f69a9925137d271c,0.1251312076533779
lead_546e2a2d203c0a63,0.08016583688486456
lead_a88b69c894551e00,0.05354711990130015
lead_ebb527b52e1b58d0,0.0035427869728195203
lead_a81ccc2339e411ef,0.4396448895561432
lead_800802233f214f6e,0.17624772053685583
lead_dad850107ff94192,0.08912330035417546
lead_98f81dc1f4c2a782,0.2646351587680922
lead_2b195316845300b8,0.5165922346980295
lead_81af1b54dbcef64d,0.14326443104830722
lead_fb3d3033368248aa,0.6425434953047937
lead_e24ddb579f641df4,0.0534402399011176
lead_a16d8bc0c7aa0826,0.001727346279228608
lead_4fc9cb2e2af27213,0.061174156461243814
lead_84651abceacffdad,0.17838816312599579
lead_8cb1d5adb2e90c17,0.12390827384845197
lead_892d6f54d3ab8543,0.00036272025151753745
lead_c262eec8c973968a,0.07172754562461534
lead_a91a0a57e1fd458f,0.10092660818598201
lead_7e747cc19004064e,0.08802934999131222
lead_69b28d119b9a676e,0.12885010050748588
lead_46977f25dfff8337,0.996977837676378
lead_24e6a1f496de02a5,0.1747425395962827
lead_ed007e0585a54e3c,0.01685559934807781
lead_65c86b831fdaa662,0.028924399358062028
lead_536c18184ccb2967,0.19621552531365846
lead_2d06fc274cc7a31d,0.9920736654638919
lead_31e1db22df662839,0.11802091757659433
lead_1cf30c00be05941e,0.04816834433973115
lead_14cb137d78ce906d,0.1265568004986083
lead_2f1a343177db9430,0.9981718999482202
lead_db881c0191bc1245,0.25327444333509447
lead_482d834378d2213d,0.19144652985761987
lead_a382f0c8305145ac,0.0010589276637090713
lead_9e734ed0aece4c9c,0.13699486217804294
lead_f196f2a263d9086d,0.8989941098247605
lead_f7bda17f45e7a518,0.10930636807731
lead_3216acbe33ad89ed,0.6722036166852895
lead_85469154ef2d799f,0.16649661171181337
lead_733df7af023a507d,0.015587531313107864
lead_3f4bdcfa49966ed3,0.10664543620106592
lead_7fa571a040cfabd2,0.12950503581189002
lead_4b694ae222b0d50d,0.06825358778662467
lead_fa91d38fca4f172c,0.08284767025840638
lead_c5bc2066d8c8cd16,0.3838848343427798
lead_1e9cb3361bea9e2c,0.356521159224298
lead_430959c8e7927eb6,0.12807951716899785
lead_ec83927a6ccd0790,0.033661421730649156
lead_5bf103decaa0574b,0.17554442048372376
lead_48e4446b5c0387a1,0.13429876679949077
lead_d6320651e7da028e,0.3598332093769787
lead_9cb4676203ec1023,0.18449435888506424
lead_99b43d9798a9b6f5,0.0039044771012156482
lead_0d6c06ef8c79c507,0.009431512589945646
lead_9e29541a965785b9,0.12814470990048304
lead_e008732161b79005,0.13290077901268438
lead_6c65c3705169d5eb,0.11355482514511438
lead_b7d0da40b8f2cc6c,0.012758187439796747
lead_d6dfbbbe0e450699,0.19455526149177774
lead_a23e03d9da91ad18,0.09982843995728766
lead_90c4ad6598c2d521,0.982563961565288
lead_d31b4f2f20d6db27,0.4271832273057341
lead_1a6e4483d385b8ac,0.241241807846511
lead_9a9ac6883ca16f4e,0.3138219458875195
lead_2781f49b6a066593,0.10574004260278663
lead_d18fb963d238bfaa,0.00018296792778862682
lead_2b34adb6a7348e97,0.06437103287436766
lead_dd8ca9413c0c5a92,0.13076640669353545
lead_5d2460b210510770,0.09065683478932796
lead_d8fada0bef407a02,0.03968372759746161
lead_7a4cb11120eb39c4,0.03732647882817841
lead_563045dd7432d87d,0.07686936487004276
lead_e3a3ae61b744711e,0.006101300309497578
lead_5812ed0df81252e5,0.10198480642943143
lead_9efe27ac76882fc5,0.45335251683475813
lead_98d7e13eb60ed85a,0.06740979743315934
lead_ea464db6b6d81148,0.14404130649867103
lead_160857c7525a1afc,0.0716354727827736
lead_24fb35a48ffc73b2,0.9929067060934195
lead_2ddd61791ceadb47,0.015003842124236659
lead_44b736fff9486aa2,0.06384962771345544
lead_6e099a71cba46c21,0.058258341660544784
lead_fc802c7892980f96,0.356349889925051
lead_c04ba2e20e71e407,0.2049675671136769
lead_85b8a4ffada2b525,0.07209166826156282
lead_75db24260ed62fc2,0.19704250282672583
lead_c1a559607af8c8f6,0.006033691245521147
lead_b2d8be7bf1de2920,0.08079992342458399
lead_2a72b05b8d4512fd,0.07799355376718117
lead_c90d95db7a87700c,0.08366956865922887
lead_294b7ea4dbf02327,0.07959419525869929
lead_bd6a9aa683b527d4,0.0676392227801559
lead_d11900d72e8f612a,0.008094647153879767
lead_948fdb4c0c98ea4f,0.06270231807031773
lead_94fefb1dd83daffd,0.12541400656853458
lead_b064d3f96796fc12,0.13811178320674924
lead_0f0126b142dfc700,0.2962565310457327
lead_212fd80d27cdb327,0.08250016807780633
lead_90dcf8ddc4668f5e,0.04620668061520243
lead_ff34221dbcefe721,0.01664209628957953
lead_f77334b04661c10a,0.038491958511229836
lead_96d0b47ef704ac6a,0.0819903206617726
lead_c40c1d59853e6c0f,0.6005041722837379
lead_7245b8c1b7a063fa,0.003081734341915043
lead_eea1be18e756d4e3,0.07429786144271021
lead_c943b4278a8e2f0a,0.025717114887022205
lead_c40cd622d7165d47,0.48921200360292655
lead_27bd4da5e84e4be6,0.8324508616212966
lead_438ecbbb2a6aed94,0.0720496206283114
lead_ee40ae5881313d72,0.18592193509737903
lead_a6d5ce31be1a92ea,0.19272979789932593
lead_96f7300e19b6f8fe,0.008815353467967774
lead_5e17ad2d291082a2,0.06887011770446619
lead_080f2a2cdb241b0c,0.21438768066465236
lead_ff21f882bf46da7b,0.06381200051393329
lead_8f68aafaa645b617,0.09832157844801728
lead_b59246ae346bd4b9,0.07820841960363754
lead_f976e9aceed91217,0.041142510377113056
lead_9f5f9dc077078c12,0.1871212182935513
lead_6ee79bcbaca67f86,0.12769391378803763
lead_ff3acdb0b271cd9b,0.15066967839654202
lead_c502755d74810236,0.07135478484342621
lead_31b319e504defac2,0.1206952338924039
lead_0408e7361e6b6de0,0.7750897860448079
lead_f64687ab8f230acd,0.14705170174456644
lead_53e1e91663cd0ec0,0.01870226730021164
lead_61f8c7252d43f8db,0.22696403921479524
lead_464b0e5cab140cc0,0.045424575286597595
lead_22f2deea132c6988,0.05209138221342736
lead_ab10ac67007581c2,0.9956064690520698
lead_baff743bf009e1f9,0.3063527326541525
lead_52c464fbc917b8de,0.2131730548444564
lead_a12af6e44ceec34c,0.12434343916026713
lead_7d8d7ac783996c54,0.22119253455069537
lead_fe69be8efcaa50d7,0.16523928016531939
lead_54611fce48b07702,0.010687157331899283
lead_7e78633e4c7b6089,0.04933491559970914
lead_85fcc0cac7e28004,0.020989061658248646
lead_57be6aa7ed707de1,0.27407031151671596
lead_3152aa363a919a1c,0.32262092040624296
lead_ed025c6671538de8,0.1687007440811791
lead_1be81fbf20c1828f,0.6166361813235409
lead_989b779208e2348b,0.20628225372645204
lead_cf75e1f20c5609b6,0.06686039583102386
lead_b66c81fd178b8339,0.9145875439569989
lead_e7fdd141d1c1d6d6,0.04434496090308457
lead_59f6cb90d7d98a86,0.001620492588332332
lead_b62c966decfd53aa,0.11506024697070583
lead_fdc22b2079078fd0,0.1400385492966735
lead_6deed8f4fdab9bb1,0.1817446996223858
lead_5f83072362eb0631,0.06098957201447112
lead_1b1e180b47108bea,0.00800545753323718
lead_4bae5dc3d3ce8660,0.9970005220125635
lead_e18c28a507d17e73,0.06154782052608253
lead_7299cf74ba722960,0.05589109138118541
lead_0a02672bfb4dbf00,0.04652959151626493
lead_317ecd76e7ee9d9b,0.2256273661696607
lead_6738426e22d8139b,0.28268849335863266
lead_78447799a85ce5db,0.06034152057665897
lead_a3df964a52e93dec,0.025207848596346404
lead_f5765a6cd5784c0c,0.13676392405193621
lead_9f52f58b5d31c81b,0.07999054452955204
lead_8f86c9cf0144594e,0.179700923729293
lead_ff7e12c9388507fe,0.126117755502286
lead_0a80262074ace111,0.004777505103581464
lead_640bbe88ba572c1c,0.002950416399039363
lead_14b93aeecd2f8c5b,0.06941152236240763
lead_44d0e4d9fbeaf927,0.21176409031770785
lead_4b93d47be02ecbcc,0.15066889944743572
lead_fdac61e9cf1eb805,0.052603144195714
lead_e09d5054ce28b77d,0.2933791558068177
lead_9c515db652b70676,0.2131553537688152
lead_e8643fba86b83ac9,0.005724548783380762
lead_48923f7de02cbc0a,0.16037342774130908
lead_5171413e72888fd7,0.27839328837088945
lead_713011a43f3b87e5,0.09603373172991157
lead_d002dbdcf6082668,0.056701625930308315
lead_c6e55ec1e3d61a2c,0.4780673918621959
lead_5823155c2fbccb6b,0.037337196345415415
lead_4c32793bad500532,0.44609473740528405
lead_4ecff6d25d444ff9,0.08611382009102854
lead_8c8b218e071761cb,0.1545097960903487
lead_a19392c11184339c,0.033283812934985293
lead_54bf68783d77e37e,0.02919117990900233
lead_24ca43470add1ffc,0.05162077895652838
lead_1642790efb88b688,0.07279546476512365
lead_d36ee87b76c1f893,0.23664125173484385
lead_0b3bc6429c2394d5,0.14891337372329383
lead_0e47c6d196e637a1,0.01085751878020867
lead_a9d911a1a108fe57,0.0569290211043768
lead_39b98881626035c8,0.8201925486651785
lead_9e4076554d2f7171,0.226771449963951
lead_de25b09e6b6da24a,0.0005486297551159444
lead_419104b1b1c29bc9,0.15910436214145218
lead_8ce684a7e104cd16,0.1873484493600987
lead_73983f4618c7c151,0.10399912016554852
lead_97faaaffa26e4241,0.11711882651340609
lead_0ac6eae7f569da8e,0.10787279680509079
lead_069bfe0eea112e59,0.9886953999175443
lead_6aae44d3ecf8cdcd,0.1771080242933311
lead_315d439b09ea9841,0.11163216072627809
lead_36fa0c9811f2d069,0.14370781370120192
lead_bf558ae971afa63d,0.051432429501303195
lead_1bcc0594a1eb6bad,0.28363978616750546
lead_3940f6e1bfccc287,0.35577284957592537
lead_b4e32f805faa6e33,0.13870511271157182
lead_cc3c2122eb8001bf,0.1156254109510475
lead_4f0f0aa7edb75ea6,0.25575294985467006
lead_ddf1016aa47d46f7,0.4645048236705485
lead_fd64f46189a7a627,0.24925369722759969
lead_228a51470ce3b635,0.09973525816198511
lead_7046fb89eab34d16,0.16466135941328433
lead_cdc0feb7ea0deb0a,0.11456046149539771
lead_7ea70318c32f9bf0,0.15501192215662538
lead_b70f5a8680492af6,0.23342455149258676
lead_a85ab68a9d10be6b,0.0005397374771035908
lead_7fea13b6aa87babe,0.05377180663518768
lead_744f9790c5217337,0.0005588071873658486
lead_6f47fe6128e2a3eb,0.03245089257691473
lead_2611f441ab2547df,0.09635656008286446
lead_c893b7f41c361178,0.9275726394683494
lead_2e1cd850440529c4,0.10780213429171957
lead_c05332ecc868c7a3,0.09345618931667478
lead_a2122007af6ee157,0.7710827253701781
lead_c36cbad273530a2c,0.07914558974266522
lead_dbbfa11dce5e400a,0.1336845330232003
lead_a5ef33ddc6a1ee6e,0.0018969282771064786
lead_9c398ea5a2d296ca,0.09037689923659455
lead_92825d5a8132736b,0.09717366526647936
lead_2157fe71f82df3b6,0.08702757082365777
lead_cef846f5e034749c,0.15086264499059754
lead_1110a0270a709d6b,0.27019346999019306
lead_a51e3827beaab5d0,0.04036892098221486
lead_1e833b8b71bb623e,0.10466569829155768
lead_f2e3d17511b75038,0.15165098135594765
lead_61b0ab63c08aaca7,0.1497844853530878
lead_0e075ac7aed027f0,0.06627380690055976
lead_b3c5d368ed2ec596,0.2347796552276703
lead_be7548d74db87796,0.15461732263818626
lead_07411d59cce9de8a,0.06463132841117565
lead_8fd14b3d13bca366,0.2505043122091073
lead_80a6f41da6c8d0a9,0.021093418735545946
lead_00de4196feee3524,0.2064957873027983
lead_d865b7c342915f8f,0.25255565297376964
lead_6c258cf1f0213bb1,0.3831955623832586
lead_fa41bfc6c36be888,0.5600016905414085
lead_6ee7587719f531ba,0.12758367702638168
lead_25679a0231480505,0.19828143482796903
lead_ff294b6aebbb9072,0.15921432924371337
lead_6237184fa7ad51c1,0.6216543021525409
lead_7ce6fd70df7cb0ee,0.2224750634505075
lead_0698d0d46d943b4a,0.17370053507064728
lead_754255c90566f391,0.044612618036458544
lead_7ca70e6f0e417027,0.3251065452593013
lead_5029198f8eebe571,0.011752794300326615
lead_4d80b864a1856d0c,0.26824483120696174
lead_006430ad2d1e36ac,0.11793592127157175
lead_314424f7ee3ff3eb,0.6653790823204174
lead_06b8b2d9b0e16fde,0.03737281674396938
lead_eeef28318eced1ba,0.08426950475022012
lead_ebb54a9376985f53,0.2941430513994307
lead_69db6bd955b98ea2,0.58677502635914
lead_6fc7c4b1ebfc691c,0.10097045111441076
lead_74a9d9e50b125274,0.11911732126575886
lead_cc53f6c99ea83167,0.07185530036484215
lead_08e8a776f6572ffd,0.21567597622836185
lead_f6939f091cab5656,0.09390440972942862
lead_e9d72e596bf5e929,0.2326537462248264
lead_2aff820e8dfc6210,0.07949249818046479
lead_3258c0909ebc3462,0.9765161025991206
lead_42fd4ad79b6bf346,0.05562892647024429
lead_0f8ae79dd13da055,0.25745345882674414
lead_f9f9abb3523d49cc,0.08756285809533067
lead_59a16f0a17c4b42e,0.6807382220112259
lead_9420f710d4c512e5,0.5627158680466186
lead_13e3748c23b98bec,0.11073890836475357
lead_ef7609a043597507,0.22745522505163282
lead_d88e361f623e15a0,0.03097786825059419
lead_3c5258d80875c64b,0.03572940996374676
lead_7e4e86e9f9bec9f0,0.039672629240216285
lead_a3e7c1b21023578c,0.061105145938968736
lead_fbadeed9282a3c91,0.10594281859949949
lead_408014ed06334ebe,0.15399499298712688
lead_70afbb4bf4abe18f,0.12888107694534173
lead_aa107e7fe36807f7,0.16632350070404367
lead_58b9fc4099a8e55a,0.11629875382695593
lead_b7484bb407d5dfb5,0.06526432283033062
lead_c706997bd9cf4088,0.02177751801769966
lead_90e792f6b8d60050,0.02382001144524386
lead_fe379183eea16e6d,0.06131833925351535
lead_fd7815957d83d910,0.21886588280607522
lead_1cd631f6d42deb71,0.06185241219090471
lead_574f7c3337051326,0.3493863247845659
lead_b0101d28845fab30,0.0014596968756664709
lead_d2505077e73f33d2,0.015422447962352303
lead_8a5db9c79c9fe9cd,0.5178705144124183
lead_ac06e9975f210431,0.13479717204945363
lead_e62b301e046b8460,0.5343753628112272
lead_8aff220745123b7a,0.3813803094627417
lead_99fc4b6bd6bc03ba,0.09336904097936836
lead_0762fd9372e40612,0.9946690743099323
lead_d27856ad5c455784,0.24047925316593186
lead_e5c64d1c39f056f1,0.30071493462463345
lead_e656470f8e2fd773,0.053594315175835634
lead_4a0d5c73c8629255,0.010586163187966704
lead_34caa03a7c8e5035,0.005587280040881062
lead_71ab503704b99194,0.057785856968132564
lead_872bc7d03fde64c8,0.16561444346909848
lead_5427d8cabb17a2f6,0.046579316211983725
lead_0742a1f9a2a7268e,0.0232537375728937
lead_85b1b828bd679354,0.22004418008162457
lead_99cd3943dceee636,0.34298386561420807
lead_cfba59d61a76e806,0.18803067227337872
lead_dbc364f163bb586d,0.40712935491118296
lead_5919b1564f074565,0.06020817319601207
lead_29ea1e8e739282f2,0.10812044890064625
lead_76af3709c13fdc49,0.9938058931162416
lead_1bfe8c701226187f,0.14960035484070877
lead_435afffb2d1c1205,0.04703537673297196
lead_c1950fe2b09f34b0,0.008400929407889826
lead_275920015f542c21,0.35624131223559413
lead_c36d9ee347b2ec40,0.04023960180608769
lead_8366b1e682aa0f8b,0.06695370687679482
lead_e85855af4f83b2e3,0.14387204419233066
lead_cd279c568a8747e9,0.9968566016853516
lead_6300446a984e430d,0.21112125151552816
lead_d41bb26732caec8d,0.08097987469400503
lead_dfd2fb2ecc323ea0,0.4203327503949763
lead_28ac8a28debb502b,0.08028998198795263
lead_d2e407898bd93e97,0.9785180611263763
lead_d19ef367b7e5a602,0.15864971978101192
lead_06a097527ea24f53,0.036726714024118055
lead_3dee9b7de211d6e4,0.9961764013253637
lead_3a5d3c73f4a5df24,0.12324230182351767
lead_086e1ad65de340c3,0.2562622627740213
lead_48982563e442388f,0.24139974568696956
lead_657d5be8731f94b7,0.21223046147959826
lead_83cf5edf67fc6246,0.09354881184914104
lead_d498b2efb6ea0115,0.057243059558231564
lead_bcf0164e68c4e604,0.07750267970743914
lead_e953cfb5383916f8,0.988750177485379
lead_6c46b4bd1114b842,0.05097050635432136
lead_47d45fbd1efd8883,0.04040664139064962
lead_1e6a26a22ae00242,0.1097971359075206
lead_fff5b16a9ea0f97d,0.08726197469033287
lead_266094be97553059,0.7017510040721551
lead_52cb6afbf881c878,0.06483909709999522
lead_ed9c876bc9ded41f,0.037150861181149006
lead_29c16f85dfb91b5f,0.6113120023803305
lead_ff292f92162f4283,0.015765568887112728
lead_092f60705d3353df,0.0029676259049422693
lead_4c21651cc1971a9a,0.009654637020639005
lead_684b6503a7d488f8,0.0868669095690663
lead_f26020a34413edac,0.0765254358611549
lead_19b0cfaceff4e9df,0.00017695484839413752
lead_26f4eee2ffb6b484,0.36484724337057817
lead_3d54eceb08ed23df,0.1287175132224314
lead_3824435879141974,0.6770765772533488
lead_6388d92462504291,0.08760851397092485
lead_b00904852c9dfa15,0.27404411120379907
lead_936b67f381d5a887,0.11244717687750488
lead_b0d87cfa495b10e5,0.15338485758303622
lead_d028c65224aeebe0,0.10723751727255662
lead_5c03b24b2c5573db,0.054049629482660726
lead_461994b87f354d80,0.06855241417385584
lead_e727d631f07f8028,0.13785935519618953
lead_7f9e140c92a353da,0.2653228830703831
lead_cb77a3e6e214659b,0.02739598060073219
lead_03163e798d9f7741,0.13088743742445555
lead_816d77b28cc5ab5d,0.13194685364252606
lead_a213a94d59ccd1fc,0.14399204582995256
lead_70b3d3e74b8b750d,0.38938740569032165
lead_c244d53129edac70,0.1375023499117524
lead_1408f16e218e695b,0.11026117997638417
lead_c734320468313c0d,0.059095617863764556
lead_5eb5f84e59fd644d,0.23885177414306497
lead_8e307d8437ba5b11,0.0762939381797631
lead_0d4707a724617e7d,0.10609559951109185
lead_b9e0ffff8e31657e,0.85544249487364
lead_03cee575427f3f21,0.2756587708703769
lead_6184f4f9cbcd1d06,0.9950955452823496
lead_f31d7eb7ed170dc6,0.24124162709330474
lead_da26d57ebd5f38ab,0.7830302409788022
lead_0166a989a4443862,0.07670603439361545
lead_f7dae5c3d8257d78,0.18819671169657623
lead_2d0d1f1e018d2ede,0.05348359003830527
lead_20e9993ba32b546d,0.14689410279379833
lead_1fcaf8aced66a490,0.06442895765272814
lead_408ec230b74ffe9e,0.20637010343660814
lead_e7124cc2bec63113,0.7778751630168544
lead_031a615f590f994f,0.4007177538111363
lead_6639d110d39029e0,0.062247663768295845
lead_3c7376a691555355,0.5635329891456313
lead_ca829217ba387cad,0.0866787052674153
lead_1ade1a7c10abce51,0.38255744454581814
lead_b22b7e595073a18a,0.013144055850255588
lead_d9e353b8b9d49993,0.006149656474248626
lead_3579e483443c47b4,0.15336807940678168
lead_046e0c43f27c8957,0.14014074099751275
lead_291852da7958b47a,0.06129148019716551
lead_e6d88844e13dd56c,0.16011710795665468
lead_b72dd8b9ae19c334,0.6765397752272646
lead_9858004e4c888bd4,0.6276656735303641
lead_4263067d747147f5,0.0024677053504991303
lead_1989d052f49de83b,0.4070508332373839
lead_cefd7c187d41d0d2,0.012962538237037162
lead_7aa042a43fbf71e1,0.03954239682589205
lead_c7f97d91ad5c43bf,0.3514675104728627
lead_4a58b00891fa4e04,0.10594051782934447
lead_7c6a1d1be49c80e5,0.06902200161643575
lead_2589544dd7ad20de,0.3998244058415074
lead_b13208f44058db84,0.9878480624392455
lead_427e10bd9332ae5a,0.08694838757864702
lead_b541410fa6e7b2d8,0.09359264521334558
lead_6d9e94121856ecde,0.04156354170937619
lead_b3c47fb19eb82b2a,0.06822573353415866
lead_fd18f936141b6223,0.3513326131883828
lead_1750b3e0a9e16580,0.9916105617665052
lead_a9c2cb2a01be0df0,0.25150092893412745
lead_c4cda5f6b910e039,0.07037672774457819
lead_12b0fca538adf79b,0.09762927265098559
lead_9968a92a4eb01c6b,0.11866432984003095
lead_45de33a67c62a137,0.990240727021975
lead_fdb56b423ad132d0,0.0954960205870901
lead_3d629f4540b317e5,0.09032259057292195
lead_214cb177b351d3e2,0.2694913707801033
lead_e5e027d14f461145,0.03133746042715879
lead_bc444ceb0cf19167,0.9981514692845248
lead_7cd622d9d8f2cfa0,0.0717534510416574
lead_d6ba058425b1d8c9,0.5324161558244151
lead_e6edf3b30f7971b1,0.009095615465405573
lead_1ebd620e37433512,0.11372279383516351
lead_d07e73f17c0bbc53,0.042850018008444964
lead_ce3933fde8935adc,0.7963149860105573
lead_1ee12e125e269121,0.0889952869307994
lead_4270f995fe1849f8,0.08302202056850207
lead_ad60e853090e6480,0.06734105994355657
lead_abe0141170c038a2,0.06382538100444658
lead_0fe3bf3eeb096d26,0.19950504185143683
lead_8ee8590f0b9196f2,0.07472958374296224
lead_f41411c06aea6ec8,0.03655650345743535
lead_796f94857f455c1b,0.056971124286429566
lead_0c7a4f6d0e4b2e8a,0.010518352643215342
lead_0c2d6dcb81538165,0.04370325931984018
lead_8918c4329048b750,0.48193652106203916
lead_e11e09eabce78596,0.05119606423020288
lead_e09d571e24b2c619,0.12933807892340435
lead_f25367709946b0fe,0.007931425076857521
lead_d42d84e5331b8591,0.04497572721277271
lead_d36d4fc026caa257,0.12598943235191867
lead_e29366edd9a11924,0.08831957954901326
lead_b670bbfbf6a2e58b,0.1123085493173115
lead_6cd3ecea3d2460f7,0.9971094126351557
lead_8b982fe39f89f2fa,0.45650816813446443
lead_bb83e044e849cd07,0.0868107479922111
lead_4f52b47e31169f31,0.05325335491153217
lead_e90b0ba858cde8b2,0.23339128768246178
lead_f9ae471b3afdc2a6,0.9987316267188385
lead_b0fdf0dbaae7e0fa,0.5289498069935175
lead_872dffa569147637,0.10749330942337416
lead_b7cc4c5aaae509d7,0.04875404474774886
lead_6188a790d2f7bb72,0.6366166443202524
lead_9b49f96d8e13ed82,0.12400609457472579
lead_f97d52766cdde48d,0.20550585408503783
lead_16ac4b89972f517c,0.07146159236389076
lead_a683c2e9e68de5af,0.059644453341137646
lead_3d14e6d688d76282,0.660907834843552
lead_9abc3756a6971c5d,0.13107794785702787
lead_fbb6922f7e4f5132,0.07904316124011401
lead_e6c771906b056a5d,0.116221972463782
lead_7ce07da579dfdae5,0.045367858792813534
lead_adf2e4867895929c,0.46941715711412735
lead_1c675e668c096da6,0.15269795499149647
lead_f92eb6bb1590b469,0.0653298587197143
lead_ae71e046f7fe76c5,0.08858252411265599
lead_f77edca35a87dcba,0.09144378409150118
lead_cccbf5e5b9278e4e,0.08597255492269729
lead_746122ab74e8dcab,0.4120944189664693
lead_cda82af9436847df,0.17916579266065966
lead_2b34b1401bf33828,0.06838041140082884
lead_2d055c35123675aa,0.11751612626377818
lead_482fdbd3084041fd,0.015533329799373712
lead_cd06e065f5e61c1f,0.0005917810509494435
lead_7cd42409e25f15a3,0.11179645194402724
lead_e910efb7121743be,0.10408214915656124
lead_67f4c8f52aba1f2d,0.09475898744564033
lead_242eb5e1c57c2c95,0.01861364021975936
lead_dadf4c9b29ece2bb,0.09452326610982971
lead_5346cfc8472ff786,0.09489812555940594
lead_b30566d7508f8802,0.03481464547069288
lead_fcd7ec36568a4561,0.3351418484176617
lead_a19a49813652f9ab,0.08182340246523447
lead_086161f34183161e,0.047513002925583046
lead_07f68b335d16eeb5,0.1035209787453375
lead_2accc0d9d8b4791c,0.2151042652535381
lead_22d486c2f9785bcd,0.07618212225589505
lead_6054f0a99a01f89b,0.15225771083015294
lead_27dce2b6c60275d7,0.07461670818751692
lead_d73c2ff1b12eee96,0.21574602400635434
lead_4d013c3045716441,0.033346498301455155
lead_6378449369c5db03,0.09606998741569442
lead_641cf8e2121d595c,0.15009639885725362
lead_897cd341f993fd50,0.889989051899952
lead_8371d57ba7aa2246,0.42976641802222665
lead_0d3d2a5c91246794,0.061582861532189115
lead_6aa29e305a5df0b7,0.0421264418106334
lead_95483f6dd2845970,0.05601869681981036
lead_50076129f571baf1,0.6943893749799193
lead_221d727e3a70079e,0.9915681915355427
lead_a07abe25fb384e12,0.13778893524429756
lead_99b3663b91fee49f,0.0008987873024366297
lead_db0bed10519990e8,0.0011988609973659044
lead_9fe63a16d1d888a9,0.09289121268100088
lead_2b6342177d910939,0.011359851885287672
lead_2aabaf2651c964fd,0.27624179297907175
lead_48e9fc9ec412a3a9,0.07570923595679598
lead_b8869e4988ca8eb1,0.08459921336183257
lead_b4ce51a1cc6d3f2c,0.11933214489162298
lead_2231d1451eb34fa6,0.001181566372182538
lead_3c6d5e62f16f3469,0.05688585357656175
lead_0e0c7e0f6b82410f,0.3358140434357635
lead_43de4bde68fe99ea,0.16107048525135872
lead_cc1ad30c318b5742,0.14933128177802354
lead_fc3e0ab166fc91ea,0.14446919055824384
lead_2c15e081e21be35a,0.3733396463787292
lead_e6a26c5e37a3d222,0.44613983362736603
lead_68ae555d1e83cd9f,0.1353706402384466
lead_332b335a7b214617,0.09072244283830741
lead_5176023c09aeed1a,0.06859160932017959
lead_4991231efdd40bc3,0.9949866564034107
lead_2eeebf1f7c612660,0.17711961184355668
lead_a00c1a4f6aa2db20,0.06857310898801569
lead_6896f5578f53bff5,0.06598786315224828
lead_5c7141b839481d13,0.2108523419711234
lead_211b84803423a1e9,0.19522406669623527
lead_bbadb2304735199d,0.6708898186966261
lead_ad6884190914a366,0.0023143673915561975
lead_3026fc493236f0d1,0.9839355605485406
lead_655a4169fe4e6a1d,0.2743972403064643
lead_45fa49c6bd127bae,0.09888135878781469
lead_2cd43b02152bf642,0.11984384567866863
lead_0d177482941d50a2,0.009394076512054575
lead_b08d547761a89f4e,0.13034720235217517
lead_508bd924c3c84dbf,0.044954589164714724
lead_fe1befbabc51e6dd,0.13855126834768405
lead_ebd9407a03c24456,0.10528614570502076
lead_a64fc80cc804acc3,0.11891010725115157
lead_dbba942b08416ba1,0.1295025349161345
lead_ca063479245468c3,0.09035035389064805
lead_2fad2030fbf7ed8e,0.04161040822336916
lead_56a316e79820f463,0.09582179301354467
lead_2d0777c78011e4d3,0.3329882354509139
lead_8d97daad528fb490,0.16225059307700337
lead_b8138e8118b04f80,0.07340998032723323
lead_5124a3612883f11b,0.6716896198759806
lead_6bc1cd9eafb5bfd4,0.07041469164327682
lead_187a9fa49ad4db5c,0.9840372707276096
lead_774804f5fcdebd11,0.11429093217887741
lead_afbe8d25d4c456dc,0.07733363057542725
lead_6f720adf8da30f3b,0.14715767729139695
lead_6d3efd53b71daa8f,0.11153325485105238
lead_133ed7c64afc2be1,0.002680358994591119
lead_c47fe9329cb168e1,0.219422584172087
lead_82d92990640bcc9b,0.1464383844847968
lead_6a3ebcd7cbf1614e,0.2868623204898442
lead_365dbd005da96cdd,0.1369377813076672
lead_34b13f169e636215,0.12284315498755492
lead_75cf508742f37302,0.09082191684529764
lead_563d9760543c0903,0.4819194036078352
lead_e048b734a7026917,0.9427108980778975
lead_6f93c3aec4f98b6c,0.16684082935762815
lead_2a67f0e035888e6a,0.11149382301812782
lead_0fdad44085318221,0.09352299705999696
lead_fd46102bdcbed3fd,0.18582746398885874
lead_bce43e5bb1503532,0.0432643809852012
lead_548bac7337208cc7,0.12435663525935907
lead_f20141bdd55d2b05,0.32335573752758007
lead_7e65ea68290b6b8a,0.14607269180914004
lead_337b2f28105fc9f2,0.06026456643648577
lead_9966fe81ce82223c,0.4036586437988726
lead_b37891c4fa605293,0.04424897199400219
lead_901fe60afbd41f0a,0.00919505488605786
lead_9e2c1b3c99f3ef36,0.11511092977149676
lead_3a6a063a621c8295,0.30481906432034966
lead_47af8cf64f6f73c7,0.032068600588985835
lead_51cfcb658a75b2f2,0.9950502800034133
lead_998f52ae02794a51,0.004586565113868576
lead_1698ae1daab04f0d,0.10944351380076486
lead_1a36d7c800a5ba8d,0.0722738569777966
lead_785b5e9a9e550a46,0.0075933297709295505
lead_ee9e75931af9d3ac,0.07638433208272986
lead_5b00cef7e49468a5,0.7952843080040142
lead_16a083bcb210b4fb,0.10336255181984624
lead_1edbc15d31f8ade4,0.04295066228227174
lead_94f8ffbb91d958a3,0.15230108467659745
lead_57236520e190f86b,0.28298785970418194
lead_e845d55ff5c47c99,0.09954143695214036
lead_5419aa01175ae51c,0.5095817501925126
lead_f6de4977be026fe8,0.20509708996203105
lead_fadf7796a8b120b1,0.053591758230514076
lead_39528699e296dc01,0.10713716173837609
lead_65f984f93caf9e4a,0.18683869188743338
lead_d0b8c40f3bc64a76,0.10594452595612555
lead_f530978fbb37694d,0.10400126511886769
lead_fb87c7603a4f33cf,0.009767758604499544
lead_79d90923c5d43917,0.35095925504488756
lead_35b944090fc8eb3c,0.0008353572936975057
lead_d03a94aaee0e5043,0.043242857405115076
lead_4db5a7aabcd60b57,0.11209344569596665
lead_32972aefcd989836,0.08209788907323881
lead_29bed64ef3cf9c99,0.09296398859504662
lead_c0797ef989674525,0.1250902683595554
lead_3781ecf55d3b06b8,0.06927648160741229
lead_d6b2043591419d37,0.136222170377067
lead_108df78779f9be97,0.2971397308010053
lead_a46fc8c7caa0fc94,0.24058993818338525
lead_29937d177174791c,0.15985673840367098
lead_5a392a49727060d7,0.09595061071205499
lead_c6de90ed4d7758a1,0.036088821509675226
lead_a5ee345327f04003,0.009896785534245767
lead_1371d996c70bda7a,0.014946924213237903
lead_34d6ac20553946e5,0.0005894656468506201
lead_40b1116fbdb9da9a,0.04415660156114178
lead_206c2bb5545fb752,0.20710599429646145
lead_f227c44fcdbde7e5,0.10958458890999996
lead_3affa20082d26243,0.38371295659213334
lead_855374aa78f9a261,0.2972248598948314
lead_e36f77fa7d343d1a,0.32552531570724613
lead_3be672974fd8a091,0.15272435769069193
lead_84c6744eb356ea99,0.1318428875829305
lead_cc881b2a3af824d4,0.04349104800189627
lead_3e158af01bbe7be8,0.005949761654276546
lead_577b01f0b7b9560f,0.059926576369456336
lead_7e480167377ffc3e,0.11209528789647032
lead_0f1774198b433c74,0.11206215189721189
lead_4848971bf48017b4,0.006695470768539127
lead_811a4bb244e207cf,0.2474622423954689
lead_79d351dcb015315c,0.05394989860211391
lead_1d882be84726a501,0.17203618204193225
lead_6425a27539d04391,0.10254834120688103
lead_e62ae19f0ff3a36f,0.07788077207418616
lead_73885b9764255a3c,0.23858479644923494
lead_ad6faf4af92efaab,0.057758872417659396
lead_a7c4b96c040867df,0.9922752372822274
lead_9be973eb566d2283,0.0003755362168763031
lead_52f2108aefce085f,0.13385121295984245
lead_9ae73643a4d926fa,0.11482355022339909
lead_e270b46861a0f825,0.43009320287084474
lead_4d29a49bba89b198,0.3378741967670081
lead_a1d142485027ee67,0.2569971542212097
lead_81cf996e905d1356,0.12479339410462537
lead_fce76f0c017e72f9,0.09545371283901494
lead_c672d7d2d0d3d1fb,0.07293937102714378
lead_16bedf831c180e7a,0.08796445071923693
lead_bec6cf03442e86de,0.06521475344655997
lead_5b83ac197d0e8dac,0.13192959726713951
lead_afd0a02bc9db90b5,0.12588901533385477
lead_fdcaad543bbe5ca8,0.05482204467346542
lead_488e85712abd38af,0.09568063342190791
lead_214c751464c40073,0.05855623312040055
lead_ad0c3ed85c41e54e,0.4382002917380006
lead_0eac90c6a20d0b94,0.05636555544897203
lead_a650b849d7751529,0.13164719190579113
lead_23bbcd31cca80b02,0.055672202184737805
lead_b84f57eb2f731c3e,0.4656864984224955
lead_06f2197c0c9a3b91,0.10158852650649901
lead_d98ce115148304ec,0.05426749950478118
lead_c7fe244851f6694c,0.09368605999821311
lead_7660429b2a555015,0.029576940548685884
lead_b82e0e3c8a936d2f,0.1629680040610276
lead_1f583afdb02b6d6a,0.059597206254171434
lead_b5773e8bd3a01127,0.427559866895209
lead_5c5eb3df6eeb1924,0.06125309233185108
lead_f6d200b338bfc2fb,0.15544414347172053
lead_5d17c2fa4e79b75f,0.061704669497725864
lead_22fcfb89b6b9a56d,0.3183749310800465
lead_050ef0e5d414d820,0.18776804118440552
lead_0376abbf65594aad,0.22683353325743508
lead_e59711f8f7e1edb2,0.09523583039082585
lead_037dff5c70c8d40c,0.0695853207419942
lead_1b2d3ef042cffef4,0.26989272109377815
lead_807eb32438babead,0.19986313249419585
lead_9ed58f0c7c77aa9d,0.07317550805104515
lead_330e0d8847d5d3b1,0.44449761210735217
lead_c3805d72fe1ab954,0.12284080460794297
lead_33efe639d913538d,0.13810060114145947
lead_c23ac5b05db113de,0.05829274926721535
lead_38d59f979eeeae86,0.185465326539558
lead_eb7a12fab8b928b4,0.16413597594869284
lead_75a260d71c6bb552,0.02800894138596793
lead_385993ecd41eb447,0.9868725945523584
lead_c4d2950a2e6151d2,0.0646531056163149
lead_d71e9e35f32ec912,0.08392833107407008
lead_79f7ef3b4e8b5dcc,0.18644615268685458
lead_101e9f96b114df3e,0.1666249310051821
lead_0573a4c9282f42d1,0.6096260282714961
lead_0251329749aa4057,0.25134510671246746
lead_925144557ac29238,0.09564576626509566
lead_18924ad2a78aff0c,0.2555818180848511
lead_c73ef5d51bdc76b1,0.011748141857054866
lead_a91ca9ce9087651a,0.2841002227987229
lead_38e19cb00f58aca5,0.877145137671225
lead_244fb7ba304f61e5,0.2705924984368265
lead_d5948975acf36a2d,0.09654626902948159
lead_6d1a38925ab1e90e,0.015850175386288575
lead_ad0e00ea503aeed6,0.13640944307406608
lead_9994a6f1d4b25e86,0.24168879704702903
lead_fa02e68b13c289fd,0.002993578301560983
lead_d83602d9f81604a7,0.24153983843065413
lead_bcf7555d909e82b2,0.21123168774420842
lead_f9b5b847c5848938,0.0003843196739407631
lead_7a94cf5646fb054a,0.1636035668526373
lead_6989feca3b8e5ebf,0.0019563727161767703
lead_78d7db8c28b7f086,0.0778154913521561
lead_7f8374a7bf3c8cd7,0.016476860349542554
lead_ef0e08141f1414ea,0.10647257674444924
lead_27a581c3e9cb988b,0.9843046684429415
lead_f0b0666e0ea51eed,0.9975053331529937
lead_055ff35d5df5bc01,0.06859131813047811
lead_1bc5ab72c8ab0bb2,0.3029467447940429
lead_8c0d90e5dc0c2896,0.12573039914459558
lead_a987fa9db9940bf8,0.730226356609361
lead_add613716bb0b6f9,0.0004012476431622206
lead_c731d6ca5b6930d4,0.10294405726573294
lead_fde84a9851b456d5,0.1261401398196341
lead_5aa3f63d7c3eb063,0.09240592504293862
lead_b00d38973f805704,0.044921782508534416
lead_680baa690f87fddb,0.08866996415500598
lead_077672eac1fcefc6,0.13056185432569647
lead_bb2bd1b38d4dbb86,0.996616567726971
lead_908ec673dcc45d39,0.9839644131828325
lead_c4b534b443683589,0.12694419837177295
lead_cc1beac55b6fd45a,0.2190048118496164
lead_fd6e7f25d201c582,0.007519089537689582
lead_5713416a2b66119d,0.41594520879725966
lead_14c953b8a74c4922,0.08191547779296479
lead_6f1668ba6d0e973b,0.24742034438271268
lead_38accb91975a731a,0.14870921356606104
lead_e9663e1632d0a4ee,0.9955389576475792
lead_09c0fb6bf1c7d87f,0.08485615863752907
lead_bae18987a68f6129,0.15034376222174717
lead_90c60d16a788bd7b,0.1096762266137308
lead_944cd82bcea6c4f2,0.07086259562474127
lead_9d8f6dd1ff3621a3,0.41726783000945417
lead_8e06ba5d65d3a277,0.07455019066624478
lead_7e4e485c2e2c10ab,0.10572447458114378
lead_ba83066b45e11b81,0.0924132476713025
lead_e5d3a92ca29a6663,0.1825818322293213
lead_86f36b1222d55634,0.16671418040282454
lead_c11524a62b4af2bf,0.06606555256300095
lead_03cb7ec3b633096d,0.3052391427054547
lead_4ba1f72bfdc9bafb,0.2967593391958482
lead_dea9fb63f76e153c,0.0869203793985548
lead_79bc7ed8e0254836,0.27536612616467177
lead_eaf830f353c463ab,0.4642979902575165
lead_31d9f27534b8291c,0.016485466107706227
lead_fb3e869f9f4b87b8,0.35528501190306383
lead_79d8be3a9ea6ce78,0.26059410733363764
lead_7d3803bb90f3d6c3,0.08677947598338835
lead_c554fd931bfd2e7f,0.09143729814082688
lead_a781237ad442a483,0.9334855278914694
lead_85301d46bd5b7c3d,0.09248008716842597
lead_0b2e11aa8643e128,0.17781952340810722
lead_451f383e288b4649,0.004956494696141542
lead_219252946fc42d6e,0.07318747147460182
lead_e9fc2b1fb529cdfd,0.11832995001789881
lead_59143a620d43e424,0.014169074326426678
lead_2e40e32bb62135aa,0.08255921370261352
lead_cc32cf73f89cb937,0.019226411320728134
lead_cdab1008284a218d,0.07317886077321654
lead_89bb7d11143e1fad,0.3235406861876626
lead_27e84ddeafa9acf4,0.05393273419118751
lead_1717f42634ef5436,0.041737295937041057
lead_04a28ed32bb37ac1,0.07004681938818465
lead_0f6ffd47407cd032,0.15569248860023896
lead_b92166d6ea87bcb1,0.0795386379184264
lead_7902926ea3fdfa71,0.10792813646515616
lead_a9ceed73a708658d,0.1007525835139703
lead_1eb0add2dfe63d00,0.9955469276173324
lead_31b7d004310e7dc6,0.15680292612757998
lead_9c50da1b848b7113,0.949840946585578
lead_e11404cfdd50ba60,0.12320305624056879
lead_8773b99ce3c10f2d,0.003671915061075092
lead_1b4e87a6b132b8ab,0.08000688082821768
lead_159d733045691d06,0.15455464080976464
lead_a7bbf161aadfbbf1,0.20922495365874216
lead_7f37503bd1e613ad,0.00414845370722305
lead_fe35bc83019b8fcc,0.10053086139621345
lead_16a3c9a2c503df70,0.15040380463039318
lead_cf94a92f0418ddf9,0.6801151190251984
lead_8369d9f4cb726bd1,0.09039069775646238
lead_b51c879080a51cf0,0.15737262285751424
lead_dade9cd3498c54f6,0.05012474432648934
lead_b76dcaf018f0dd13,0.03883942226464753
lead_be372e1f68c76a99,0.20795131901891403
lead_3271d962318fd015,0.08179752406230395
lead_8cae6a494253aa3d,0.056120088228223196
lead_b9d0bb34342d7b40,0.025853204090940378
lead_8023d363b8eb4436,0.07833964606117186
lead_d76cb62390eb30f5,0.03145156245711716
lead_842a5f388938838a,0.055156943026147376
lead_c9325571f1fd540f,0.30551541661893084
lead_5b728903a0771f7a,0.05251853813318711
lead_1e1429ba84503ef1,0.06342893872817668
lead_a52de40d4cf04313,0.004516283505792335
lead_6093f5a0c2e96ff0,0.11904787413600006
lead_d4c24a9098cd006b,0.025450963540233473
lead_ca61eeed7d0dbb13,0.05723953543318095
lead_2a2b587f1ea48474,0.0435192194041793
lead_c00a9d4bd1e86a1b,0.18094826261491442
lead_205712cc88af1c85,0.36745620269208085
lead_865fee66eceac645,0.08830923404719915
lead_4bc0f692b36ed584,0.0015369962240907476
lead_02c8a058c490b45e,0.01464168325100402
lead_43eab057a683063a,0.024892668402217245
lead_838da89b950c7e58,0.996318333417084
lead_ab4d3f790ddf53ac,0.24973642688247477
lead_16a6b8af32e2d4ae,0.992844750264364
lead_dbf4720550a38880,0.2144076891905145
lead_0f340f00d66d67ea,0.48428920323042923
lead_f5e3141c7b3fd139,0.36292357299658373
lead_d9970ab9dd76f654,0.13946001879851552
lead_8c3a3c5255dd8aa3,0.3780977827786107
lead_3e45515bfd066a49,0.04744297312469651
lead_6b2eee0bfced8a93,0.12483434406494175
lead_67e4a26849c659c3,0.000881073112221269
lead_0472719435319fec,0.23043877763511486
lead_436cb0d2222d8b58,0.09311196837257382
lead_43df66d131292e90,0.3301904407683137
lead_6362c5ad47efa57a,0.04910456992724885
lead_1c564c3d963e9c0d,0.13361267224377332
lead_28a9e3d9c1c64d54,0.057186542805057416
lead_220fd9b828dbce8b,0.11897789864330466
lead_ed14c8be6eaa9b37,0.18008316088588955
lead_7b6d8e5975831592,0.2470856316053454
lead_cb9c4a718e2166cb,0.13385756621772735
lead_5804f55e1a8d8ce1,0.05253805869362121
lead_900e115e32b011b0,0.10793753071106701
lead_f6ca3bd4a1dd1863,0.22465351594537497
lead_3e2ac0a26be73da2,0.08336014124347405
lead_3b90e8ee87ec4dab,0.055639772618638624
lead_8b3ba6e8022f6e47,0.5531276457195341
lead_b1791a42fe7d14b9,0.08460200515323563
lead_3fc324efa6ae4113,0.12062541959779878
lead_b6d1d6d2cd4e476a,0.07726540254238122
lead_cbd41536b3f30a5e,0.10353167362240848
lead_bb1996fe3a5056b7,0.07976106006176849
lead_5922343fbee525a3,0.018168164934863066
lead_f3c4b774591a315b,0.18278322583297366
lead_6df0f21cd49f8c8e,0.48032133570233565
lead_0b7574d1e5892000,0.8429163567384119
lead_0365df75eb7b19d0,0.5348856408558266
lead_adcc9106eaa40f1e,0.08564363555472636
lead_d967a85342398fd8,0.01654625884329054
lead_d260d1b10d25a110,0.06607712003624491
lead_178b34d3f7ce2595,0.09297472918631863
lead_b3886fb10fb75963,0.3601537761755973
lead_2a7d8613a381430e,0.01424500429955664
lead_d3309a920ec0bbaf,0.1239205947831387
lead_06f65a0479abcbb8,0.0786445127441157
lead_fc33c5aa0393bde6,0.0937950438352933
lead_0294a3af6472fa7b,0.0906043560214778
lead_29dc11377e66ae7b,0.07569213394273203
lead_38d4fc31e41514fb,0.06833510120229087
lead_80e57b9ed7be6388,0.07275069121944085
lead_8c9cef82351b2efd,0.07768282423555184
lead_62f72d812bf42ed5,0.068354917765691
lead_c16934ca9444dbb0,0.11650153894810246
lead_49f514a3c5552e0d,0.07074122822697448
lead_ac67307bf04218e8,0.10270565904979516
lead_88a4be051a3469a7,0.3341951323221577
lead_638d9d731a5b95e6,0.1679268709934623
lead_ff6fcb702a62666b,0.03898507692577307
lead_93821b2a0e9cd302,0.16564033424687877
lead_cdcbddb4dcb90371,0.09801358218793035
lead_051bd961ec898162,0.004670915715935674
lead_3ab98f153ed2af7d,0.10669893248669596
lead_f78530e2151cc526,0.45775075053589037
lead_14caed3b98eed2db,0.1748437271469217
lead_ff62125d5dcfd862,0.023205698909187007
lead_297a0fa8e5166b08,0.08807483924413631
lead_6f1379966443b45e,0.9979019831570167
lead_9bd0a78c10973a6a,0.061611301690967214
lead_d229abecaa3df847,0.07940625648259327
lead_acf1442c1399b3a1,0.8144245607931099
lead_dca25ca4c9d779c5,0.10419876995936467
lead_52fa3c6008b78237,0.7708128563855583
lead_70c9b1ca75c12bbe,0.0650082309324453
lead_a4b7b135d5d46b8d,0.8654751575558309
lead_8b6055179c021656,0.022847830480515037
lead_f51b15ba651e500d,0.1335894786838276
lead_797e84f92193d460,0.21128877957283942
lead_5ec16d54cce51e36,0.05154460748351611
lead_658f11e664c197c5,0.9908467452864017
lead_fa0785f32d768c34,0.1133527870381768
lead_430da0e2147d85e7,0.10442244768046369
lead_2c61cac603bdd898,0.07641701135053448
lead_70f8cc40c7f95c42,0.03646974358993734
lead_e627032229222bf4,0.06240303269654675
lead_e0d348ada99a550f,0.028238700912573945
lead_6ee0eae05dad3a19,0.11939222618344608
lead_6b9c9b2244072348,0.1275160321474304
lead_738508c020f40a32,0.08529033627489102
lead_0b898874053df578,0.12903430383375983
lead_8e3799fffee4bfcd,0.20822351630209932
lead_11a036c55a14abf4,0.43605977292642617
lead_33ab627a71ee9bea,0.10370392144315435
lead_53dac4dbade41fe9,0.06456088569338019
lead_9f3253dd5fc2dc02,0.11826858849736091
lead_a33e91b911d36b0e,0.0003540549063580677
lead_d7fe02b749cc520e,0.28354168094119053
lead_eeafd87a212a2b83,0.017732693277656045
lead_694c1b91979c8d88,0.2168388664128582
lead_8406e7acd619f002,0.021913938005315096
lead_e4d156fb9c738eb1,0.9795416582615067
lead_c1a0d1b4b5bae008,0.30290074508373327
lead_e1ea9a37a775ba2e,0.6307572312531747
lead_fb2f318dcc0a9e91,0.019893858966926685
lead_a2132ba7800cccc5,0.39150827421492174
lead_6380940b07e3edd9,0.12856986866842166
lead_18c22487950fd360,0.24448005901063014
lead_51ad7bb0dcfe2538,0.13514161063546232
lead_1695a8f7b11d7f5f,0.16237921159097551
lead_d94e2c3929322b6e,0.053836090104528854
lead_85c295598f7050cf,0.20207784399831147
lead_dd51fe5c4a6abbb8,0.06262409208237908
lead_5713d4783853344c,0.11006643102908016
lead_75beda06da0a3922,0.3046675936901879
lead_b724381baf3b8d22,0.0945607330115456
lead_a4271d2eea68fc67,0.05398743564690653
lead_03a328d5c9765e60,0.10368456720812755
lead_b7763edd2a2e11f5,0.8284219580985551
lead_64d8e2165561770f,0.05095398463842404
lead_1828eedcc67555cc,0.09809269058779713
lead_80b60aeb1cea3567,0.15507481207469073
lead_1b6a40f8ae81aa97,0.005113854625818274
lead_3cd17ddb74f4ee39,0.13212040447959097
lead_6f96a5be34bb4d66,0.14664841899330835
lead_f0c88ea52d0fb516,0.01610768308328187
lead_15d7d7b4d51bec29,0.1509583045821203
lead_86bac8c788929096,0.22017768896922307
lead_b5be891cecc3cb0b,0.565792992909946
lead_3ac75f6a4dbc912b,0.08846486759971862
lead_207944a8c46d3a9a,0.08180642434908429
lead_d2987c7a934a9994,0.09627468715212643
lead_e0ddeea5317d539f,0.1655451579213621
lead_7014219c8c240ea3,0.11761185661090681
lead_19ffcfd4505933db,0.05110835020418252
lead_3bf6b6919aa27138,0.061014993202416386
lead_cad61d8ffe522973,0.4632323937823288
lead_50b505eb829bf4ca,0.30043614069191615
lead_200edf5cc89ac752,0.00063018779931076
lead_ab3d089d3c3952d0,0.49243299961972625
lead_0b1c0c1af17b1b2c,0.15083725134334852
lead_b90010bcf72c534d,0.06470536791630752
lead_0fb7b7af304c32af,0.03960111804846649
lead_bdbf9a793916e83b,0.058576210909740134
lead_37f88d7a6a8e66ab,0.1265563433438874
lead_949f4c15bb8dc870,0.06884656841877394
lead_3a5634c2e367fcd3,0.0941823691615506
lead_97396f1f0144beb5,0.057866938037315074
lead_7c08f8fb7243d8d8,0.0073167740471862175
lead_dfb98a049b2ff826,0.18686131329172004
lead_757fd20def5e879b,0.14242489257607197
lead_46fb0174cc778249,0.2641703790870267
lead_75346c273b272766,0.0574696873007772
lead_34bed07068232806,0.2719225656860548
lead_2467834132bac286,0.12350673761725257
lead_32a37e27c98f18c8,0.22946657925566039
lead_fdfec61b950b5e9b,0.00022493823509838913
lead_88121e8c02f55cc8,0.058327228284925633
lead_684ca47873b32865,0.16421467013905297
lead_cd3378353c3291e2,0.32621099017813726
lead_45eaa0fe91c56704,0.06838247762434085
lead_466a7177f9b22211,0.1383470830329402
lead_ee6cfb098d5d4e5e,0.003489919656962562
lead_40784c8bf83b490d,0.14849376357450306
lead_0cda5c569337dd54,0.06119757525580411
lead_37ef71b3abf4a4dc,0.42324936243278793
lead_f96498c19c70321a,0.3051414446510456
lead_aca6b4abab966bbc,0.04999438421294605
lead_4461b728f9a1df09,0.17557398669219362
lead_21e1e2d88147ce61,0.10105680021101314
lead_6d76a1cab5040791,0.1097732593259658
lead_7439175ac98bc808,0.4598075806362981
lead_154e67465f44d574,0.408087180205163
lead_3807077937a3c3cd,0.012073630189790697
lead_572024451d1ac61f,0.165904960873462
lead_1a0afe037398ff1e,0.5743212234708394
lead_3c9b8d0d10995ebd,0.22025692832433774
lead_549ffcd5326208df,0.11020798078184554
lead_f28cacf39d1471cc,0.013232291289412544
lead_c20dfdf7b4948d7d,0.05726417065450916
lead_0fdb8c4a59fcc63e,0.9962076297722786
lead_55eba8352c702141,0.41543755474265875
lead_bcdc10e04dde5dca,0.06605892518615417
lead_8083d1cc75e73cf2,0.0005876827936505057
lead_52a557fd2e25b1eb,0.0894724614930463
lead_9c2f7b4d04b5d8d6,0.03604063402625486
lead_c228fccc5a5bd979,0.2609299079029266
lead_5e06d66117f24cde,0.9185496076787653
lead_2eaf54c13760d7c7,0.9672564700488284
lead_342892b7dcb1aeeb,0.45063963242950283
lead_6518dc23d624f7cb,0.3398673778787236
lead_8e94704401d24ad8,0.07301076909802727
lead_06b422c84010d276,0.3754717541702782
lead_117d7dc23a0483fa,0.0549406446452478
lead_f24da6d1d944155f,0.07861924538417722
lead_382e22d77b7460ad,0.4225235038095154
lead_1b46f3864ca217f4,0.0004210674526808073
lead_042440679890dde6,0.015118206621568204
lead_22b984660a0f9f34,0.324048563621727
lead_b492871734ee8654,0.10260049749155448
lead_73eff95f19024a2f,0.0015517653156018262
lead_2a301a19f2edbeb2,0.18089226832659266
lead_c53e7bac569af4fb,0.31288990977261333
lead_e7a4efe6a7c34ae9,0.007497721209336995
lead_b7b91e86b4f8f8d0,0.10451812037168721
lead_d2fad626a62f6aee,0.12449076050683126
lead_1cac41970077f2b9,0.05894854410465939
lead_367fb45cfed80397,0.08165174148174587
lead_d7053e5a3a3165d1,0.20693747338416782
lead_bccf437c32060fba,0.34074844347051986
lead_a225d6a07be602e8,0.033249285376144015
lead_dc6f558a17e8ea2d,0.06681873382887783
lead_b2b0fa2c2848dedd,0.3394154357579583
lead_540f62af90fac71f,0.1512296863685212
lead_bf214c4f1ae79ad5,0.10685687274706214
lead_4ffa6d2f18c05362,0.10585890463241426
lead_a1f3196626721a43,0.030084672247321507
lead_27f8135e4d18d8ff,0.1699285896456597
lead_f10751823facfaca,0.10824372158449766
lead_8d06e6dbe5ebdd14,0.056884783878587745
lead_d531ee1a0a1b8541,0.0964496476859922
lead_cae7c5272d6007e4,0.2823163037430575
lead_7567fdc6c86ee03d,0.03828885830620635
lead_704efaf5e92054f6,0.3455307063382664
lead_e290604e50e0f66f,0.08521252738004854
lead_7fa8baccbc67c702,0.23251064425719403
lead_9cfe9948384384bf,0.08555941894681607
lead_d1276938b659d292,0.056067949041812254
lead_f71df947e272710d,0.06763149115711208
lead_bc765cd6f1258db7,0.12929203141015597
lead_46ff8f3c9a41ab32,0.06334598838332443
lead_5fabf6fe194fad9d,0.04148419767490961
lead_fb656152cd2c6749,0.06668749331439774
lead_3b2f869f504de537,0.37982514005333473
lead_c78e13f1dd4b5baa,0.008271079637341423
lead_e8bdbfdc3a9a759e,0.20746725794417706
lead_685ba731c0a27a38,0.20522183208280526
lead_8d7200e2760dd585,0.0340309840697953
lead_8b534275b37c2a3e,0.08595434109771918
lead_bec994c095c0d62e,0.1478033581810556
lead_f23c4c843f478991,0.17475541440773562
lead_7ef6a89892d70112,0.0377178767547559
lead_df6f3c3c0a5304b5,0.04684695897494917
lead_074079c6fca0d7cc,0.07884253541780187
lead_57f20a007869bc5c,0.06655433191149504
lead_2e5eeaf8cecf1cb9,0.13269226637407228
lead_d420114667e6e0ad,0.30849402082388117
lead_51fec5a8b5b64123,0.0445464449797981
lead_3a3fcb044fad15e1,0.2605746595376552
lead_34fae10c50a9baca,0.0005448571922354683
lead_b58af54344f682a0,0.10322047324872445
lead_b574f6fd2cffc71f,0.15109840899091914
lead_23448dd35c2cf894,0.3681387471733277
lead_fe42b46e1eb1de6e,0.19667980341710345
lead_91bd46ea922038f9,0.3531981584146971
lead_099f0535e22dcf69,0.004213508306276326
lead_4b0ef7c5f8851500,0.28744131750818935
lead_6a6851eb898d2c36,0.3796889597279657
lead_cea18a1914694c11,0.17291294110116806
lead_60db521f7e781bb1,0.22541074509327533
lead_b826448f53f7e082,0.844343173736598
lead_5f1b100d8a661d06,0.18864804797672252
lead_469a55ee61ca8e0e,0.25749731296484724
lead_ba86b840819577f8,0.1543701077418261
lead_e347e10dc381e8fa,0.12350650612499907
lead_6f65df65c203197e,0.19201686151404393
lead_735a3c49709fb0af,0.9963929159864705
lead_fcff9f0c54f86d1d,0.7955329787299205
lead_696581dfd42362a6,0.053163584919706935
lead_374e9ce2cac18b4f,0.11216242396865274
lead_a60097fffeb3dbc3,0.10245355961373581
lead_8441cdec376dec34,0.05804421594120253
lead_1be5f51828e6adad,0.0007851607124255975
lead_865a0a236cfd0138,0.08432615370741092
lead_1cd54d5969d664a9,0.4030317459861644
lead_2f6bec79434e1cbd,0.02927043298380849
lead_15e42f23860a2c49,0.23491586444181342
lead_c91d56f6939972c5,0.18970401291603306
lead_e830b47c6035ab15,0.015593588846678006
lead_60a203bad886bea5,0.07222095630466635
lead_09883649ea4d9385,0.0017571008581431541
lead_e41c034eab1592d6,0.05938589148093961
lead_af38529fb37893a2,0.14978451730471737
lead_ff206e2a0548484b,0.026342780491646723
lead_7edf5ff50111a639,0.11798676388084581
lead_30356ebbf9e915bf,0.171537767605072
lead_49a6877fdf223f56,0.13950946037203837
lead_e2ae64d346688d8a,0.062269297975247336
lead_9fe4bba4960d502b,0.2833273943296496
lead_3ccd210981e94c85,0.9952740661672825
lead_b6cad1ddfefe3b18,0.20258366388558982
lead_12e9da2f7bb38d3b,0.0008855651510489876
lead_f839248db74496dd,0.003573772461761771
lead_44582c54d100f227,0.23574191360576874
lead_3772735b798daece,0.0018513325997616536
lead_121890ee052f4236,0.3231850448497993
lead_610581e8a202742e,0.22169311515863224
lead_8dcb905d32107dbf,0.05425898777559904
lead_889bd089cb085453,0.9966465147353392
lead_3580da27be09eb8a,0.23894319718330104
lead_3b56245133a3e1bc,0.29416791047233537
lead_80ba8ea476b663e7,0.07347162512273277
lead_66f5fa1b1272bdd2,0.21343691010078278
lead_4f4856b3c5cc80c8,0.11230792267438393
lead_f401bd3bde707919,0.12383181024081477
lead_0538b9b9682aa295,0.07868349708903104
lead_0ae4bcee1964372c,0.08356905031486615
lead_2ab9f173ccc72e1a,0.20900673483634472
lead_1745b523269d6fb7,0.4149620573901503
lead_1d64e42f6942837e,0.3860796455910081
lead_68f61ecb78c87c1d,0.05904267469987296
lead_8552d7320b584652,0.267260138274962
lead_27e2fdc71bbe6cf6,0.2050850880746781
lead_05c7f2d1adea99cc,0.09293532908082862
lead_95cfb559aae9d704,0.08120120262513188
lead_1f60dd283beadc20,0.0131663454700221
lead_fafa28a4cb585368,0.9369030440012183
lead_bb3a58f7f62f6daf,0.3715866059288253
lead_50a3646c19822cc9,0.8375792333782844
lead_0865ae9279499836,0.024882062104886565
lead_d77b4e5b5a6b7d3e,0.0032608236524487985
lead_5b89e187d73fa6eb,0.15302800989339058
lead_f8f5e82ed426271f,0.3268452073417521
lead_fd2b7b665a760613,0.13802366655923523
lead_60f6bf4ae760477c,0.0003187538933693143
lead_4da2e974f89d3176,0.6707278561316373
lead_64f135b6eca3f425,0.29630036967994566
lead_071f8dd7c220ed4c,0.10080676513227196
lead_67c063bc2ec99416,0.04001473324401986
lead_ef50622d98678c53,0.06499284336656712
lead_1fb8b62c65a57604,0.08889039545440473
lead_526ededd9eef3a7a,0.15128822370784945
lead_9374311015183255,0.054300707915932285
lead_44cd2c109b6c94f8,0.037046648506540866
lead_1ec64940b6cd97bc,0.05511277616989475
lead_0a058b45f9db0871,0.9829382071125303
lead_c8b3e8daaf8bd709,0.12926784170934758
lead_ee6855f6f8d99446,0.1666643442535049
lead_5f47026e3a981870,0.05079088164414862
lead_1d3819a4f3cb5a1a,0.04001492895861144
lead_a0b5a8f1366489fc,0.0025050146964326024
lead_320d155cf7977d1b,0.36713205403607374
lead_a928d99b06274526,0.2959399335503509
lead_f21548f54aa95611,0.09761784448444165
lead_273b9e010fee491f,0.05429170232454916
lead_16a536ff0a3d0aa3,0.15616731664796704
lead_46724353c7d1165e,0.1254908408387833
lead_5b29990188952f57,0.04023594142043948
lead_3a5ee1619aa6f1df,0.07674360678452777
lead_6c781235149c767a,0.11532511213585027
lead_00dddfa3bc19bcfe,0.09766754271864934
lead_d21822300d51312a,0.043728601127226985
lead_ebfb0cb657f30a93,0.3602015852892801
lead_7ea383f0860d18a6,0.17414670852286146
lead_a08ce7349d221a93,0.15234170942411587
lead_a7f0aa9f827a86e9,0.10831584592955562
lead_02a72b4bd520fa76,0.051094750351285835
lead_17d07359bd7ddf7f,0.02135584577335307
lead_0818f1cba6a0c9f9,0.15839097934157426
lead_c3e482670b2920be,0.9653436915954648
lead_9b779b8306c7c716,0.10133478257116314
lead_b7c57ee0c6b1b178,0.029904173479472378
lead_069d3a92f7594b29,0.4456294111447831
lead_55325c162694bdb6,0.07666973998642398
lead_8482ca78502adc29,0.06842285488909752
lead_359d94290d42d9e3,0.09007112884469404
lead_6887dc7ba8d35e54,0.11235861183279298
lead_0b7455d3e9249dea,0.1875809928882327
lead_7fbb744c8b0875ce,0.0987131679487178
lead_b4dfd881fe29852c,0.040533322592216724
lead_939b592979aeda4e,0.19714776855627666
lead_413f0f5204a4d28f,0.009388171182299867
lead_e34132c22a81ccfe,0.038752028408943
lead_e797f8fef491d615,0.0896971606539007
lead_073e0407ffc379e0,0.20366396761011182
lead_8f65e97420447c95,0.09058017692702693
lead_40362b3c1cef8e15,0.07132992932808344
lead_ced58dd1cea25a33,0.9935648304727324
lead_ae2d45e1c84d892f,0.007258977229371848
lead_414d61eed07632ca,0.05765370321307375
lead_aad48aa6aa882150,0.892840665243573
lead_2a8ac621d8d0213b,0.9655777185096225
lead_3c29514aef98ec68,0.006513580363946152
lead_01ea7234f5caf2c5,0.02516938610091339
lead_9c76721d61d7d399,0.08583170980228087
lead_a852731c8ef5e066,0.3321628409262467
lead_3ddce70ecbf6eeff,0.32219440988072195
lead_4218f9ae59751344,0.16467134910136486
lead_d75011621ff69482,0.5654381967032001
lead_ae2235819365edf6,0.09082314543453684
lead_247020bbc6da2158,0.1870091438435689
lead_94890d507c408b59,0.14715322574765372
lead_479ad69aee3def2a,0.13960455150801107
lead_a26b4fffb2a67e2d,0.03939116845489304
lead_9ed6857b207c6988,0.07708341763580681
lead_f57131c35453865b,0.053197441830188985
lead_cfb9d2255eb4bfe7,0.06646180490723759
lead_cdf9025b3214d399,0.047841726139704874
lead_84f68290d43bb844,0.09853156928716324
lead_793724c70660d3db,0.010887761222528974
lead_ca0699202989feaa,0.1695182937533821
lead_38a47d221b1784c3,0.04933668542380733
lead_6cc12336e9f8db4a,0.05486904757728855
lead_336bddc89e5c53ba,0.059746006166076025
lead_41bb3e63f51c09ea,0.07111422827094388
lead_7165cb35ba123138,0.08475148414413691
lead_acdebb7ce4afa081,0.06845414783366056
lead_559fc292b285185c,0.2944507129541444
lead_559856ce138a9dc2,0.2857480515690577
lead_f35e199fbcf1384b,0.14059393266750053
lead_73ad64d2b1dfe0dd,0.05821004021769812
lead_300ae770f11f5222,0.042789006105661415
lead_0d6fff98552ccd4c,0.3745126444912523
lead_2ff67949faac6692,0.06912290177883958
lead_333268dcb9b5b306,0.15024473261170732
lead_7766fe02782f4611,0.06129399758204451
lead_8cbdf68919d694af,0.008984564703681709
lead_7a18062f00d0a7b4,0.11004535654468939
lead_60e1f80793732f11,0.13649120005917265
lead_ae56e58fa1922e86,0.10647239778298599
lead_361d0a6e65c6abf8,0.028418589289034388
lead_5fab14383bd83708,0.16772068679574711
lead_98eb5b0536cf3ab8,0.11069693825268882
lead_81f106b05b38a711,0.12938035702628473
lead_bc59a8a1f8569d17,0.0003658463055509094
lead_b56091b770dc6e0b,0.12600293250085676
lead_736f697dbe6bafdd,0.02165937625346221
lead_7280834b95e5ef08,0.16995034050623212
lead_5efdf507909ab198,0.8383006164514546
lead_449ff5fd13fa97c0,0.0012781499197924101
lead_f1941d73f8eacfac,0.09007022465126793
lead_33137d27ea8fb8cd,0.03372566477190475
lead_68623c4a53928ef5,0.06464070983567152
lead_4002e2b4f05f1751,0.17333932921375267
lead_8a46a316c0d2675f,0.039914066221421615
lead_2b2b3425a7b7f47b,0.3761269551683707
lead_6cb9f65b0778cf4a,0.045011414795923195
lead_6ca3a140bc3f7dac,0.16937993372045165
lead_136f2527eb1ae398,0.19734026524516807
lead_cc3eb2f768465a8c,0.2594556921290765
lead_8a19cf772d36fe5b,0.4762653447401007
lead_066506e1cdaf4046,0.21159810707937818
lead_c7fe11c6f6d81180,0.0004263225969624686
lead_4b90b7238fc691f1,0.0813238476405573
lead_259b310921322c72,0.16320010677742314
lead_4662abcae5d77a25,0.32702421801862785
lead_7a8f2522e9f3c0f1,0.12229997179381935
lead_d57ad1620fe57dc2,0.1785248716765407
lead_8afac42f887e00a5,0.15827446494149544
lead_7c9f419a67bb72c0,0.1190593372129704
lead_afefff577bf71b41,0.3506270049776869
lead_6ad885991b83dbc4,0.048409346969309736
lead_4213ada71366ba3f,0.06294180799920329
lead_f10b1a9bde94d26e,0.3648801770089704
lead_0862ea98bcb81c41,0.15532915405606254
lead_3c04f6ff5d8715e5,0.03902252690399942
lead_825f235718e9092f,0.17565620897469814
lead_14ad8bd3866d559d,0.13761037588132355
lead_17b65278a09abe07,0.03387785745543646
lead_2ca463e54dff902e,0.31125152597858
lead_b89accbf2f52533b,0.1071377027715676
lead_bcaf9078454fcc80,0.9332858117422607
lead_f932d0f2fa0610e3,0.06298665678600959
lead_d734f1d94297c5c2,0.07004775043656226
lead_75e5df6cb388ec2e,0.08085862039732182
lead_dfe2096673c35213,0.11062883657496796
lead_d26f4d6b8e467251,0.07640134266228692
lead_6e5410c8e46f8781,0.10743946792484814
lead_4cb41d4eedc589fe,0.06347193461605605
lead_3bb2a95cf8757cc9,0.03745779305221209
lead_a313622c075c4e4c,0.0008194594304685334
lead_38e10ec3cda6e9b4,0.06293256089347736
lead_241e1ed00d4fed29,0.03413324842733236
lead_faa32dd1ef3858f4,0.0864093930007862
lead_3eaf083ba86ffed5,0.747392065675451
lead_dcce0a9874c7327d,0.024210871516266733
lead_38fad6167ff92d37,0.01675886320074788
lead_013372fd01229023,0.07689561627864555
lead_6b7ed83a3a2980c4,0.9759319460972854
lead_42dfa5fd473b0bfd,0.2030510481660871
lead_ed46a5920eeb9171,0.2458240111217999
lead_591abe7199fdbabd,0.9882905205973843
lead_67c56fb483194e9b,0.1165564137121008
lead_e208d5cc92caa005,0.059716836170340896
lead_8a1642aed2bc739e,0.2674072007087985
lead_149d8c730856e4a5,0.14918833736436035
lead_060ffa747b2f046c,0.12602519191169312
lead_49b39772b17f47bd,0.09986360871430297
lead_d04c5b153239519b,0.06239067544987295
lead_94863bd9f66f9594,0.24573303553523637
lead_dcb81df9774a2dbf,0.2626809715775807
lead_41ed9f1945b9e2a9,0.269367123604222
lead_a0a74175ab2a2011,0.09276053972888935
lead_380ad6ffef9a1234,0.23791627710398003
lead_13b8078988fd3366,0.08648546437904975
lead_083c9ee38dfd8193,0.06410312823254843
lead_d05163b950ad701b,0.15524260077152158
lead_63ce148a78b3a6d6,0.0006246883688211907
lead_730ab30e5093d27d,0.0004759496271380307
lead_7160bfa6ccbf812c,0.06070314613470688
lead_7b07f236968e8ea4,0.000288798417137825
lead_7e1d97fa4addd3dc,0.1489200610056362
lead_cf163a246baba20a,0.13723698343501545
lead_3f33c490642c45ca,0.4919213318611291
lead_b47b47bcb8a06d31,0.009922525294247767
lead_bdf0d11f7e3d1bf0,0.2657630823700372
lead_be9c23747b399866,0.2877260431506623
lead_410162fac12fdfb9,0.5324485330799803
lead_10c42c2506df70fb,0.10455271029307707
lead_73b6ada8a8ff08db,0.06650393192048205
